ticket_id,tag_id
1,6
3243,38
2,6
3,7
4,7
5,8
3534,2
3883,6
6,7
3257,38
7,7
8,7
9,8
10,6
11,6
12,9
3274,3
12,16
12,21
12,31
13,10
3270,3
14,38
15,38
16,38
17,37
18,7
19,38
20,38
21,38
22,38
23,7
24,38
25,38
26,38
27,38
28,38
29,38
30,38
31,38
32,6
33,6
34,6
35,37
36,37
37,37
38,7
39,37
40,38
41,37
42,38
43,38
44,38
45,38
46,37
47,38
48,38
49,6
50,7
51,38
52,38
53,38
54,38
55,38
56,38
57,7
58,38
59,37
60,38
61,6
62,38
63,38
64,7
65,38
66,38
67,38
68,37
69,37
70,38
71,37
72,38
73,6
74,38
75,37
76,38
77,37
78,37
79,38
80,39
81,38
82,38
83,37
84,38
85,38
86,37
87,37
88,37
89,38
90,38
91,38
92,7
93,6
94,38
95,7
96,37
97,6
98,38
99,6
100,38
101,37
102,38
103,38
104,37
105,38
106,38
107,38
108,38
109,38
110,39
111,38
112,38
113,38
114,38
115,7
116,38
117,37
118,38
119,37
120,38
121,38
122,38
123,38
124,37
125,38
126,38
127,38
128,37
129,6
130,38
131,39
132,37
133,38
134,38
135,38
136,37
137,38
138,38
139,37
140,6
141,6
142,38
143,38
144,38
145,6
146,38
147,38
148,38
149,37
150,37
151,37
152,38
153,6
154,37
155,38
156,38
157,37
158,38
159,38
160,37
161,37
162,39
163,37
164,38
165,38
166,38
167,38
168,37
169,38
170,7
171,37
172,7
173,38
174,38
175,37
176,38
177,6
178,38
179,38
180,39
181,39
182,38
183,38
184,6
185,6
186,38
187,38
188,6
189,38
190,38
191,38
192,38
193,37
194,38
195,38
196,38
197,39
198,38
199,39
200,6
201,38
202,38
203,38
204,37
205,37
206,38
3300,3
3317,8
3288,4
3324,3
3330,16
3338,9
3343,16
3318,35
3336,2
3363,7
207,6
208,37
209,39
210,37
211,38
212,37
213,38
214,38
215,6
216,38
217,7
218,37
219,38
220,38
221,38
222,39
223,38
224,37
225,37
226,39
227,38
228,38
229,6
230,37
231,7
232,6
233,37
234,38
235,7
236,7
237,6
238,37
239,39
240,6
241,7
242,38
243,6
244,37
245,38
246,7
247,38
248,38
249,38
250,38
251,38
252,38
253,38
254,6
255,39
256,38
257,7
258,6
259,37
260,7
261,7
262,37
263,38
264,38
265,38
266,38
267,6
268,37
269,6
270,38
271,38
272,38
273,38
274,38
275,39
276,38
277,6
278,38
279,37
280,38
281,37
282,38
283,37
284,38
285,38
286,6
287,7
288,38
289,39
290,38
291,6
292,37
293,38
294,37
295,38
296,38
297,38
298,38
299,38
300,38
301,38
302,38
303,6
304,37
305,38
306,37
307,38
308,39
309,38
310,38
311,37
312,38
313,39
314,39
315,7
316,38
317,38
318,38
319,7
320,6
321,39
322,6
323,7
324,38
325,6
326,37
327,38
328,38
329,38
330,7
331,38
332,39
333,38
334,38
335,37
336,38
337,38
338,38
339,7
340,37
341,38
342,37
343,38
344,38
345,37
346,38
347,38
348,7
349,6
350,38
351,37
352,7
353,38
354,7
355,37
356,38
357,38
358,38
359,7
360,38
361,38
362,38
363,38
364,39
365,38
366,7
367,38
368,37
369,38
370,38
371,6
372,39
373,38
374,38
375,38
376,38
377,39
378,37
379,7
380,38
381,38
382,38
383,6
384,38
385,37
386,38
387,38
388,38
389,38
390,39
391,38
392,37
393,37
394,38
395,38
396,6
397,37
398,38
399,7
400,38
401,38
402,6
403,7
404,7
405,38
406,38
407,7
408,37
409,38
410,6
411,37
412,7
413,38
414,38
415,37
416,38
417,7
418,38
419,37
420,38
421,7
422,37
423,37
424,37
425,6
426,38
427,37
428,37
429,38
430,38
431,38
432,38
433,38
434,37
435,38
436,7
437,37
438,37
439,7
440,37
441,37
442,7
443,38
444,37
445,38
446,37
447,38
448,38
449,37
450,39
451,37
452,37
453,38
454,37
455,38
456,38
457,38
458,38
459,38
460,37
461,7
462,38
463,38
464,37
465,37
466,6
467,38
468,7
469,38
470,7
471,37
472,38
473,37
474,7
475,38
476,37
477,37
478,37
479,38
480,39
481,38
482,39
483,38
484,6
485,38
486,38
487,39
488,38
489,38
490,38
491,38
492,39
493,37
494,37
495,37
496,38
497,38
498,38
499,38
500,38
501,38
502,38
503,37
504,38
505,38
506,38
507,37
508,38
509,37
510,39
511,6
512,7
513,38
514,38
515,38
516,7
517,6
518,37
519,6
520,37
521,37
522,38
523,38
524,39
525,38
526,38
527,37
528,39
529,7
530,39
531,6
532,7
533,6
534,37
535,37
536,38
537,38
538,37
539,38
540,38
541,38
542,38
543,37
544,37
545,6
546,38
547,7
548,38
549,38
550,39
551,37
552,38
553,38
554,7
555,38
556,37
557,37
558,38
559,37
560,38
561,39
562,38
563,37
564,37
565,37
566,37
567,39
568,38
569,38
570,37
571,38
572,38
573,37
574,38
575,38
576,38
577,38
578,38
579,38
580,37
581,38
582,38
583,38
584,37
585,37
586,7
587,39
588,38
589,7
590,38
591,38
592,37
593,39
594,39
595,38
596,37
597,38
598,38
599,38
600,38
601,38
602,38
603,38
604,38
605,37
606,38
607,37
608,37
609,37
610,39
611,38
612,6
613,38
614,38
615,39
616,38
617,6
618,38
619,7
620,39
621,38
622,38
623,7
624,38
625,7
626,7
627,6
628,38
629,7
630,38
631,38
632,37
633,38
634,37
635,38
636,38
637,7
638,38
639,38
640,39
641,7
642,39
643,6
644,38
645,38
646,37
647,38
648,38
649,38
650,38
651,38
652,38
653,38
654,37
655,37
656,37
657,37
658,38
659,37
660,7
661,38
662,6
663,37
664,38
665,38
666,6
667,38
668,39
669,38
670,38
671,37
672,38
673,6
674,38
675,38
676,38
677,38
678,38
679,37
680,37
681,38
682,38
683,6
684,38
685,6
686,39
687,38
688,37
689,38
690,39
691,38
692,38
693,37
694,38
695,37
696,38
697,37
698,38
699,37
700,37
701,38
702,39
703,38
704,37
705,38
706,38
707,38
708,37
709,38
710,7
711,37
712,37
713,39
714,37
715,37
716,38
717,37
718,6
719,6
720,38
721,38
722,38
723,37
724,6
725,37
726,38
727,37
728,38
729,38
730,6
731,37
732,38
733,38
734,6
735,37
736,38
737,37
738,39
739,38
740,7
741,38
742,38
743,39
744,38
745,37
746,38
747,37
748,38
749,38
750,38
751,38
752,38
753,38
754,6
755,37
756,37
757,38
758,38
759,38
760,38
761,37
762,7
763,38
764,38
765,38
766,38
767,38
768,6
769,38
770,38
771,37
772,37
773,38
774,38
775,38
776,37
777,37
778,38
779,37
780,39
781,38
782,38
783,7
784,6
785,37
786,7
787,38
788,37
789,38
790,39
791,37
792,38
793,38
794,38
795,38
796,38
797,38
798,37
799,38
800,37
801,6
802,37
803,38
804,37
805,38
806,37
807,7
808,37
809,38
810,37
811,37
812,37
813,6
814,38
815,38
816,38
817,39
818,38
819,38
820,37
821,37
822,38
823,38
824,37
825,38
826,38
827,37
828,38
829,37
830,39
831,38
832,7
833,38
834,37
835,38
836,6
837,37
838,38
839,38
840,38
841,37
842,37
843,37
844,37
845,38
846,38
847,37
848,37
849,38
850,38
851,38
852,38
853,38
854,39
855,37
856,39
857,7
858,6
859,38
860,38
861,38
862,38
863,6
864,38
865,38
866,37
867,37
868,38
869,37
870,6
871,38
872,37
873,37
874,37
875,38
876,38
877,38
878,37
879,38
880,38
881,38
882,37
883,38
884,37
885,38
886,38
887,39
888,37
889,39
890,37
891,38
892,39
893,38
894,7
895,37
896,37
897,38
898,38
899,38
900,38
901,38
902,37
903,37
904,38
905,37
906,38
907,38
908,38
909,38
910,38
911,38
912,37
913,38
914,38
915,39
916,38
917,6
918,37
919,38
920,37
921,38
922,38
923,38
924,38
925,38
926,38
927,37
928,38
929,38
930,38
931,38
932,7
933,38
934,38
935,38
936,37
937,37
938,38
939,38
940,38
941,6
942,38
943,37
944,6
945,38
946,39
947,37
948,38
949,6
950,38
951,38
952,37
953,6
954,38
955,38
956,37
957,38
958,39
959,37
960,38
961,38
962,39
963,37
964,38
965,37
966,37
967,6
968,38
969,37
970,37
971,39
972,38
973,38
974,39
975,7
976,38
977,38
978,38
979,6
980,38
981,38
982,38
983,38
984,7
985,38
986,39
987,38
988,38
989,6
990,37
991,6
992,39
993,7
994,38
995,6
996,37
997,38
998,38
999,37
1000,39
1001,37
1002,39
1003,37
1004,38
1005,38
1006,6
1007,37
1008,38
1009,38
1010,38
1011,38
1012,38
1013,38
1014,37
1015,37
1016,37
1017,37
1018,38
1019,6
1020,37
1021,38
1022,37
1023,39
1024,38
1025,38
1026,38
1027,7
1028,37
1029,38
1030,38
1031,38
1032,39
1033,37
1034,7
1035,38
1036,38
1037,6
1038,37
1039,37
1040,38
1041,7
1042,38
1043,38
1044,38
1045,7
1046,37
1047,38
1048,38
1049,37
1050,38
1051,38
1052,38
1053,38
1054,38
1055,38
1056,38
1057,6
1058,38
1059,38
1060,38
1061,37
1062,7
1063,37
1064,37
1065,38
1066,6
1067,39
1068,38
1069,6
1070,37
1071,38
1072,38
1073,38
1074,37
1075,7
1076,38
1077,39
1078,38
1079,37
1080,38
1081,37
1082,38
1083,37
1084,38
1085,6
1086,37
1087,38
1088,7
1089,38
1090,37
1091,37
1092,38
1094,37
1095,7
1096,7
1097,38
1098,37
1099,38
1100,39
1101,38
1102,37
1103,38
1104,37
1105,37
1106,37
1107,38
1108,37
1109,39
1110,7
1111,37
1112,37
1113,38
1114,7
1115,37
1116,38
1117,37
1118,37
1119,37
1120,38
1121,37
1122,7
1123,6
1124,38
1125,38
1126,38
1127,38
1128,38
1129,37
1130,37
1131,39
1132,38
1133,6
1134,37
1135,38
1136,39
1137,38
1138,37
1139,7
1140,38
1141,38
1142,38
1143,6
1144,7
1145,37
1146,38
1147,37
1148,37
1149,6
1150,39
1151,38
1152,38
1153,38
1154,37
1155,37
1156,37
1157,38
1158,7
1159,37
1160,39
1161,7
1162,6
1163,37
1164,38
1165,38
1166,38
1167,37
1168,37
1169,38
1170,37
1171,38
1172,38
1173,38
1174,38
1175,38
1176,38
1177,38
1178,38
1179,38
1180,37
1181,7
1182,37
1183,38
1184,38
1185,38
1186,38
1187,7
1188,38
1189,38
1190,7
1191,6
1192,7
1193,38
1194,37
1195,37
1196,38
1197,6
1198,37
1199,38
1200,38
1201,37
1202,39
1203,38
1204,38
1205,37
1206,37
1207,38
1208,38
1209,37
1210,38
1211,38
1212,37
1213,38
1214,38
1215,38
1216,6
1217,37
1218,38
1219,7
1220,37
1221,37
1222,6
1223,6
1224,37
1225,38
1226,7
1227,38
1228,38
1229,37
1230,37
1231,38
1232,38
1233,38
1234,38
1235,7
1236,37
1237,6
1238,38
1239,38
1240,38
1241,38
1242,38
1243,37
1244,37
1245,38
1246,38
1247,38
1248,38
1249,39
1250,37
1251,38
1252,38
1253,38
1254,6
1255,38
1256,38
1257,39
1258,38
1259,38
1260,37
1261,7
1262,38
1263,38
1264,38
1265,38
1266,39
1267,7
1268,37
1269,38
1270,38
1271,7
1272,37
1273,38
1274,37
1275,38
1276,38
1277,38
1278,38
1279,38
1280,38
1281,38
1282,39
1283,7
1284,39
1285,37
1286,37
1287,38
1288,37
1289,37
1290,37
1291,38
1292,6
1293,38
1294,37
1295,38
1296,37
1297,38
1298,38
1299,39
1300,6
1301,38
1302,38
1303,38
1304,39
1305,38
1306,37
1307,39
1308,38
1309,37
1310,37
1311,38
1312,6
1313,7
1314,37
1315,7
1316,37
1317,38
1318,38
1319,37
1320,7
1321,38
1322,6
1323,38
1324,38
1325,38
1326,38
1327,37
1328,38
1329,39
1330,38
1331,37
1332,37
1333,38
1334,38
1335,38
1336,38
1337,37
1338,7
1339,37
1340,39
1341,38
1342,7
1343,38
1344,37
1345,7
1346,38
1347,38
1348,37
1349,38
1350,37
1351,39
1352,38
1353,37
1354,6
1355,37
1356,38
1357,37
1358,37
1359,37
1360,37
1361,38
1362,37
1363,38
1364,38
1365,37
1366,38
1367,38
1368,37
1369,38
1370,38
1371,38
1372,37
1373,38
1374,7
1375,38
1376,38
1377,38
1378,38
1379,38
1380,38
1381,38
1382,38
1383,38
1384,38
1385,38
1386,6
1387,38
1388,38
1389,37
1390,7
1391,38
1392,38
1393,7
1394,7
1395,38
1396,37
1397,7
1398,38
1399,38
1400,38
1401,7
1402,38
1403,38
1404,38
1405,6
1406,37
1407,38
1408,38
1409,38
1410,38
1411,38
1412,37
1413,6
1414,38
1415,38
1416,38
1417,38
1418,38
1419,39
1420,7
1421,39
1422,39
1423,38
1424,7
1425,38
1426,38
1427,37
1428,37
1429,38
1430,37
1431,38
1432,6
1433,38
1434,37
1435,38
1436,37
1437,39
1438,6
1439,38
1440,7
1441,37
1442,38
1443,37
1444,38
1445,38
1446,37
1447,38
1448,38
1449,38
1450,6
1451,38
1452,6
1453,6
1454,38
1455,6
1456,38
1457,37
1458,7
1459,38
1460,38
1461,38
1462,38
1463,38
1464,7
1465,37
1466,6
1467,37
1468,38
1469,38
1470,37
1471,7
1472,37
1473,38
1474,7
1475,38
1476,7
1477,38
1478,37
1479,38
1480,7
1481,38
1482,7
1483,37
1484,38
1485,38
1486,39
1487,38
1488,7
1489,38
1490,38
1491,6
1492,37
1493,38
1494,38
1495,7
1496,38
1497,38
1498,37
1499,38
1500,38
1501,38
1502,38
1503,37
1504,38
1505,38
1506,37
1507,38
1508,38
1509,38
1510,6
1511,38
1512,6
1513,37
1514,37
1515,37
1516,37
1517,6
1518,6
1519,37
1520,37
1521,38
1522,37
1523,37
1524,6
1525,38
1526,38
1527,7
1528,38
1529,38
1530,38
1531,37
1532,37
1533,38
1534,37
1535,38
1536,38
1537,38
1538,6
1539,38
1540,38
1541,38
1542,38
1543,37
1544,37
1545,37
1546,38
1547,38
1548,38
1549,6
1550,38
1551,38
1552,7
1553,38
1554,38
1555,37
1556,38
1557,38
1558,6
1559,6
1560,38
1561,37
1562,38
1563,37
1564,38
1565,7
1566,37
1567,38
1568,38
1569,37
1570,38
1571,37
1572,37
1573,37
1574,38
1575,37
1576,38
1577,38
1578,37
1579,6
1580,38
1581,6
1582,37
1583,6
1584,39
1585,6
1586,37
1587,37
1588,38
1589,6
1590,38
1591,37
1592,39
1593,38
1594,37
1595,38
1596,38
1597,37
1598,38
1599,38
1600,37
1601,37
1602,38
1603,37
1604,6
1605,38
1606,38
1607,38
1608,38
1609,38
1610,37
1611,38
1612,38
1613,38
1614,37
1615,37
1616,38
1617,38
1618,38
1619,37
1620,38
1621,37
1622,38
1623,38
1624,7
1625,6
1626,38
1627,38
1628,7
1629,38
1630,38
1631,38
1632,38
1633,6
1634,38
1635,38
1636,38
1637,38
1638,6
1639,38
1640,39
1641,38
1642,38
1643,38
1644,7
1645,38
1646,37
1647,37
1648,37
1649,6
1650,38
1651,38
1652,38
1653,6
1654,38
1655,6
1656,7
1657,38
1658,38
1659,38
1660,38
1661,38
1662,38
1663,7
1664,38
1665,38
1666,6
1667,38
1668,6
1669,38
1670,38
1671,37
1672,38
1673,37
1674,38
1675,37
1676,38
1677,38
1678,37
1679,37
1680,39
1681,6
1682,38
1683,6
1684,6
1685,38
1686,38
1687,37
1688,7
1689,37
1690,38
1691,38
1692,38
1693,6
1694,38
1695,7
1696,7
1697,6
1698,38
1699,7
1700,37
1701,6
1702,38
1703,38
1704,37
1705,37
1706,38
1707,7
1708,37
1709,38
1710,38
1711,38
1712,38
1713,37
1714,37
1715,38
1716,7
1717,38
1718,38
1719,39
1720,38
1721,37
1722,38
1723,38
1724,38
1725,7
1726,39
1727,39
1728,38
1729,38
1730,7
1731,7
1732,39
1733,37
1734,38
1735,38
1736,38
1737,38
1738,38
1739,37
1740,38
1741,38
1742,37
1743,7
1744,38
1745,38
1746,37
1747,38
1748,37
1749,6
1750,38
1751,6
1752,38
1753,38
1754,38
1755,37
1756,38
1757,37
1758,38
1759,38
1760,38
1761,6
1762,6
1763,38
1764,37
1765,39
1766,38
1767,38
1768,38
1769,7
1770,38
1771,37
1772,7
1773,38
1774,38
1775,39
1776,37
1777,6
1778,37
1779,7
1780,38
1781,7
1782,38
1783,7
1784,6
1785,38
1786,7
1787,38
1788,37
1789,38
1790,38
1791,7
1792,38
1793,38
1794,7
1795,38
1796,38
1797,38
1798,38
1799,38
1800,37
1801,38
1802,7
1803,38
1804,38
1805,38
1806,38
1807,7
1808,38
1809,6
1810,7
1811,37
1812,38
1813,38
1814,6
1815,38
1816,38
1817,38
1818,39
1819,7
1820,38
1821,38
1822,37
1823,38
1824,38
1825,7
1826,39
1827,39
1828,38
1829,6
1830,38
1831,38
1832,6
1833,38
1834,38
1835,38
1836,38
1837,38
1838,38
1839,39
1840,37
1841,38
1842,38
1843,38
1844,6
1845,38
1846,7
1847,38
1848,6
1849,38
1850,38
1851,6
1852,38
1853,37
1854,7
1855,38
1856,38
1857,7
1858,38
1859,37
1860,37
1861,7
1862,38
1863,38
1864,38
1865,6
1866,38
1867,38
1868,38
1869,7
1870,7
1871,38
1872,37
1873,38
1874,38
1875,38
1876,38
1877,38
1878,38
1879,38
1880,37
1881,38
1882,38
1883,38
1884,7
1885,6
1886,6
1887,6
1888,38
1889,38
1890,7
1891,37
1892,38
1893,38
1894,37
1895,37
1896,6
1897,6
1898,38
1899,37
1900,38
1901,38
1902,37
1903,6
1904,38
1905,38
1906,7
1907,7
1908,7
1909,38
1910,7
1911,6
1912,38
1913,38
1914,37
1915,38
1916,6
1917,38
1918,38
1919,37
1920,38
1921,7
1922,37
1923,6
1924,38
1925,38
1926,6
1927,6
1928,38
1929,7
1930,7
1931,7
1932,38
1933,38
1934,38
1935,7
1936,7
1937,38
1938,6
1939,7
1940,37
1941,37
1942,7
1943,37
1944,37
1945,37
1946,38
1947,6
1948,38
1949,38
1950,38
1951,38
1952,38
1953,7
1954,6
1955,6
1956,7
1957,38
1958,6
1959,6
1960,38
1961,37
1962,37
1963,38
1964,7
1965,6
1966,38
1967,6
1968,38
1969,6
1970,38
1971,37
1972,38
1973,38
1974,38
1975,37
1976,38
1977,38
1978,37
1979,6
1980,37
1981,37
1982,38
1983,38
1984,39
1985,38
1986,38
1987,38
1988,7
1989,38
1990,37
1991,38
1992,38
1993,38
1994,37
1995,38
1996,6
1997,38
1998,38
1999,38
2000,7
2001,38
2002,37
2003,38
2004,38
2005,38
2006,37
2007,38
2008,37
2009,38
2010,37
2011,37
2012,6
2013,38
2014,38
2015,7
2016,38
2017,38
2018,37
2019,7
2020,38
2021,38
2022,37
2023,6
2024,6
2025,38
2026,37
2027,37
2028,37
2029,38
2030,39
2031,38
2032,7
2033,38
2034,38
2035,37
2036,38
2037,38
2038,38
2039,7
2040,7
2041,38
2042,7
2043,6
2044,38
2045,6
2046,38
2047,6
2048,37
2049,37
2050,37
2051,6
2052,6
2053,37
2054,37
2055,6
2056,38
2057,38
2058,38
2059,6
2060,38
2061,6
2062,6
2063,7
2064,6
2065,6
2066,38
2067,6
2068,38
2069,38
2070,38
2071,38
2072,6
2073,38
2074,38
2075,38
2076,38
2077,38
2078,39
2079,38
2080,6
2081,6
2082,37
2083,38
2084,38
2085,38
2086,38
2087,6
2088,37
2089,38
2090,38
2091,38
2092,6
2093,38
2094,7
2095,38
2096,6
2097,38
2098,38
2099,38
2100,38
2101,7
2102,7
2103,37
2104,38
2105,38
2106,37
2107,38
2108,6
2109,38
2110,38
2111,7
2112,6
2113,39
2114,7
2115,7
2116,38
2117,7
2118,38
2119,38
2120,38
2121,38
2122,6
2123,38
2124,37
2125,37
2126,39
2127,37
2128,6
2129,38
2130,6
2131,38
2132,38
2133,38
2134,38
2135,38
2136,38
2137,38
2138,38
2139,6
2140,6
2141,7
2142,7
2143,38
2144,38
2145,38
2146,38
2147,39
2148,38
2149,38
2150,38
2151,38
2152,37
2153,38
2154,37
2155,39
2156,7
2157,6
2158,38
2159,38
2160,6
2161,6
2162,38
2163,38
2164,38
2165,38
2166,38
2167,38
2168,38
2169,38
2170,6
2171,38
2172,38
2173,38
2174,38
2175,7
2176,37
2177,38
2178,37
2179,38
2180,38
2181,6
2182,38
2183,38
2184,38
2185,38
2186,38
2187,37
2188,38
2189,7
2190,7
2191,38
2192,7
2193,6
2194,6
2195,37
2196,7
2197,38
2198,37
2199,38
2200,38
2201,38
2202,38
2203,7
2204,38
2205,7
2206,38
2207,39
2208,7
2209,6
2210,39
2211,38
2212,39
2213,38
2214,38
2215,6
2216,38
2217,38
2218,6
2219,38
2220,38
2221,37
2222,7
2223,38
2224,38
2225,38
2226,7
2227,7
2228,39
2229,7
2230,38
2231,7
2232,38
2233,39
2234,38
2235,38
2236,38
2237,38
2238,38
2239,6
2240,38
2241,7
2242,38
2243,38
2244,6
2245,38
2246,7
2247,37
2248,6
2249,38
2250,37
2251,38
2252,38
2253,37
2254,7
2255,38
2256,38
2257,38
2258,38
2259,38
2260,38
2261,7
2262,6
2263,38
2264,38
2265,38
2266,37
2267,38
2268,38
2269,38
2270,7
2271,38
2272,38
2273,37
2274,38
2275,7
2276,38
2277,7
2278,38
2279,7
2280,37
2281,38
2282,38
2283,38
2284,38
2285,38
2286,37
2287,38
2288,37
2289,38
2290,38
2291,6
2292,38
2293,6
2294,38
2295,38
2296,37
2297,39
2298,37
2299,38
2300,38
2301,38
2302,38
2303,6
2304,38
2305,38
2306,6
2307,37
2308,37
2309,38
2310,6
2311,37
2312,38
2313,38
2314,38
2315,6
2316,38
2317,7
2318,38
2319,38
2320,39
2321,37
2322,7
2323,7
2324,38
2325,38
2326,7
2327,37
2328,38
2329,38
2330,37
2331,38
2332,38
2333,38
2334,38
2335,38
2336,7
2337,7
2338,38
2339,38
2340,38
2341,37
2342,38
2343,38
2344,38
2345,6
2346,37
2347,38
2348,38
2349,38
2350,38
2351,38
2352,38
2353,7
2354,37
2355,6
2356,38
2357,38
2358,38
2359,6
2360,38
2361,37
2362,38
2363,38
2364,7
2365,7
2366,38
2367,38
2368,39
2369,7
2370,7
2371,38
2372,7
2373,7
2374,38
2375,39
2376,38
2377,38
2378,6
2379,38
2380,7
2381,6
2382,37
2383,7
2384,7
2385,38
2386,37
2387,38
2388,38
2389,38
2390,38
2391,6
2392,38
2393,6
2394,7
2395,6
2396,38
2397,38
2398,6
2399,38
2400,37
2401,38
2402,7
2403,6
2404,37
2405,38
2406,38
2407,38
2408,7
2409,6
2410,38
2411,38
2412,7
2413,37
2414,39
2415,38
2416,38
2417,38
2418,38
2419,38
2420,38
2421,38
2422,38
2423,38
2424,38
2425,37
2426,38
2427,38
2428,38
2429,38
2430,6
2431,38
2432,38
2433,38
2434,7
2435,7
2436,38
2437,38
2438,38
2439,7
2440,38
2441,38
2442,38
2443,38
2444,38
2445,38
2446,38
2447,38
2448,38
2449,37
2450,38
2451,38
2452,38
2453,37
2454,38
2455,38
2456,7
2457,38
2458,38
2459,38
2460,6
2461,6
2462,38
2463,7
2464,6
2465,38
2466,37
2467,38
2468,38
2469,38
2470,7
2471,38
2472,37
2473,7
2474,7
2475,6
2476,7
2477,38
2478,38
2479,38
2480,38
2481,38
2482,7
2483,7
2484,38
2485,6
2486,38
2487,38
2488,38
2489,7
2490,38
2491,38
2492,38
2493,37
2494,38
2495,38
2496,39
2497,39
2498,38
2499,38
2500,38
2501,37
2502,38
2503,6
2504,38
2505,7
2506,38
2507,38
2508,38
2509,39
2510,38
2511,6
2512,38
2513,7
2514,38
2515,38
2516,38
2517,38
2518,7
2519,38
2520,38
2521,38
2522,6
2523,7
2524,37
2525,37
2526,7
2527,38
2528,38
2529,38
2530,7
2531,38
2532,38
2533,39
2534,6
2535,38
2536,38
2537,37
2538,6
2539,7
2540,39
2541,6
2542,38
2543,38
2544,38
2545,38
2546,38
2547,38
2548,6
2549,38
2550,38
2551,38
2552,6
2553,38
2554,6
2555,38
2556,38
2557,37
2558,6
2559,37
2560,38
2561,37
2562,38
2563,38
2564,38
2565,38
2566,38
2567,37
2568,38
2569,37
2570,38
2571,38
2572,37
2573,37
2574,6
2575,6
2576,38
2577,38
2578,38
2579,6
2580,6
2581,38
2582,7
2583,38
2584,38
2585,38
2586,38
2587,7
2588,6
2589,38
2590,7
2591,7
2592,7
2593,38
2594,6
2595,38
2596,38
2597,7
2598,6
2599,6
2600,38
2601,38
2602,6
2603,38
2604,37
2605,38
2606,38
2607,6
2608,37
2609,38
2610,38
2611,38
2612,38
2613,7
2614,37
2615,38
2616,37
2617,38
2618,38
2619,6
2620,6
2621,38
2622,39
2623,38
2624,7
2625,38
2626,38
2627,38
2628,38
2629,7
2630,39
2631,6
2632,38
2633,7
2634,38
2635,37
2636,7
2637,38
2638,38
2639,37
2640,38
2641,38
2642,38
2643,38
2644,37
2645,39
2646,38
2647,38
2648,7
2649,6
2650,38
2651,38
2652,6
2653,7
2654,38
2655,38
2656,38
2657,38
2658,6
2659,6
2660,38
2661,7
2662,6
2663,38
2664,6
2665,38
2666,38
2667,37
2668,38
2669,7
2670,7
2671,6
2672,38
2673,38
2674,38
2675,7
2676,7
2677,38
2678,38
2679,37
2680,38
2681,38
2682,38
2683,38
2684,38
2685,38
2686,38
2687,38
2688,38
2689,7
2690,37
2691,39
2692,37
2693,38
2694,38
2695,37
2696,38
2697,38
2698,38
2699,6
2700,6
2701,38
2702,7
2703,38
2704,37
2705,38
2706,38
2707,38
2708,38
2709,38
2710,38
2711,38
2712,38
2713,6
2714,7
2715,38
2716,38
2717,37
2718,38
2719,38
2720,6
2721,38
2722,38
2723,6
2724,38
2725,38
2726,7
2727,38
2728,38
2729,7
2730,38
2731,37
2732,37
2733,38
2734,37
2735,38
2736,37
2737,39
2738,38
2739,38
2740,7
2741,6
2742,38
2743,38
2744,38
2745,38
2746,37
2747,7
2748,38
2749,37
2750,38
2751,38
2752,37
2753,38
2754,6
2755,6
2756,38
2757,38
2758,38
2759,7
2760,38
2761,38
2762,38
2763,6
2764,38
2765,38
2766,38
2767,38
2768,37
2769,7
2770,38
2771,37
2772,6
2773,37
2774,38
2775,38
2776,38
2777,38
2778,38
2779,37
2780,37
2781,38
2782,38
2783,7
2784,38
2785,37
2786,38
2787,38
2788,7
2789,38
2790,38
2791,38
2792,38
2793,38
2794,38
2795,38
2796,38
2797,38
2798,38
2799,38
2800,37
2801,38
2802,38
2803,38
2804,38
2805,38
2806,38
2807,38
2808,6
2809,38
2810,38
2811,37
2812,38
2813,7
2814,37
2815,38
2816,38
2817,38
2818,38
2819,38
2820,38
2821,38
2822,38
2823,6
2824,7
2825,7
2826,37
2827,38
2828,7
2829,6
2830,6
2831,38
2832,38
2833,38
2834,7
2835,6
2836,7
2837,7
2838,38
2839,38
2840,38
2841,7
2842,38
2843,38
2844,38
2845,38
2846,7
2847,38
2848,38
2849,37
2850,38
2851,38
2852,6
2853,37
2854,7
2855,38
2856,38
2857,38
2858,38
2859,7
2860,38
2861,38
2862,6
2863,7
2864,6
2865,7
2866,38
2867,37
2868,38
2869,6
2870,38
2871,38
2872,38
2873,38
2874,39
2875,6
2876,39
2877,38
2878,37
2879,38
2880,38
2881,37
2882,6
2883,38
2884,6
2885,38
2886,38
2887,6
2888,7
2889,6
2890,37
2891,38
2892,38
2893,7
2894,38
2895,37
2896,38
2897,38
2898,37
2899,7
2900,38
2901,38
2902,38
2903,38
2904,38
2905,6
2906,7
2907,38
2908,38
2909,38
2910,38
2911,38
2912,39
2913,38
2914,7
2915,37
2916,37
2917,6
2918,38
2919,6
2920,38
2921,37
2922,38
2923,37
2924,38
2925,6
2926,38
2927,37
2928,37
2929,38
2930,38
2931,38
2932,38
2933,6
2934,38
2935,38
2936,38
2937,38
2938,38
2939,37
2940,7
2941,38
2942,38
2943,37
2944,38
2945,38
2946,7
2947,38
2948,38
2949,37
2950,38
2951,6
2952,38
2953,7
2954,6
2955,6
2956,38
2957,38
2958,38
2959,38
2960,38
2961,38
2962,6
2963,6
2964,38
2965,38
2966,38
2967,38
2968,38
2969,38
2970,6
2971,38
2972,39
2973,6
2974,38
2975,38
2976,38
2977,38
2978,38
2979,38
2980,38
2981,37
2982,37
2983,37
2984,38
2985,38
2986,6
2987,38
2988,38
2989,38
2990,39
2991,38
2992,38
2993,38
2994,38
2995,38
2996,38
2997,6
2998,37
2999,38
3000,6
3001,38
3002,38
3003,38
3004,38
3005,38
3006,10
3007,10
3008,10
3009,10
3010,10
3011,10
3012,10
3013,10
3014,10
3015,10
3016,10
3017,10
3018,10
3019,10
3020,10
3021,10
3022,10
3023,10
3024,10
3025,10
3026,10
3027,10
3028,10
3029,10
3030,10
3031,10
3032,10
3033,10
3034,10
3035,10
3036,10
3037,10
3038,10
3039,10
3040,10
3041,10
3042,10
3043,10
3044,10
3045,10
3046,10
3047,10
3048,10
3049,10
3050,10
3051,10
3052,10
3053,10
3054,10
3055,10
3056,10
3057,10
3058,10
3059,10
3060,10
3061,10
3062,10
3063,10
3064,10
3065,10
3066,10
3067,10
3068,10
3069,10
3070,10
3071,10
3072,10
3073,10
3074,10
3075,10
3076,10
3077,10
3078,10
3079,10
3080,10
3081,10
3082,10
3083,10
3084,10
3085,10
3086,10
3087,10
3088,10
3089,10
3090,10
3091,10
3092,10
3093,10
3094,10
3095,10
3096,10
3097,10
3098,10
3099,10
3100,10
3101,10
3102,10
3103,10
3104,10
3105,10
3106,10
3107,10
3108,10
3109,10
3110,10
3111,10
3112,10
3113,10
3114,10
3115,10
3116,10
3117,10
3118,10
3119,10
3120,10
3121,10
3122,10
3123,10
3124,10
3125,10
3126,10
3127,10
3128,10
3129,10
3130,10
3131,10
3132,10
3133,10
3134,10
3135,10
3136,10
3137,10
3138,10
3139,10
3140,10
3141,10
3142,10
3143,10
3144,10
3145,10
3146,10
3147,10
3148,10
3149,10
3150,10
3151,10
3152,10
3153,10
3154,10
3155,10
3156,10
3157,10
3158,10
3159,10
3160,10
3161,10
3162,10
3163,10
3164,10
3165,10
3166,10
3167,10
3168,10
3169,10
3170,10
3171,10
3172,10
3173,10
3174,10
3175,10
3176,10
3177,10
3178,10
3179,10
3180,10
3181,10
3182,10
3183,10
3184,10
3185,10
3186,10
3187,10
3188,10
3189,10
3190,10
3191,10
3192,10
3193,10
3194,10
3195,10
3196,10
3197,10
3198,10
3199,10
3200,10
3201,10
3202,10
3203,10
3204,10
3205,10
3206,10
3207,10
3208,10
3209,10
3210,10
3211,10
3212,10
3213,10
3214,10
3215,10
3216,10
3217,10
3218,10
3219,10
3220,10
3221,10
3222,10
3223,10
3224,10
3225,10
3226,10
3227,10
3228,10
3229,10
3230,10
3231,10
3232,10
3233,10
3234,10
3235,10
3236,10
3237,10
3238,10
3244,37
3538,2
3550,26
3258,6
3550,14
3266,7
3552,44
3554,22
3543,35
3883,17
3572,7
14,4
3268,3
3297,13
3572,17
3303,7
3572,14
3572,15
3307,3
3318,8
3572,16
3326,37
3330,22
3339,9
3578,21
3339,21
3331,13
3356,39
3356,47
3363,16
3365,44
3370,2
3370,18
3586,2
3380,2
3390,44
3396,31
3400,31
3618,38
3401,31
3401,16
3398,3
3618,14
3618,15
3399,3
3412,39
3629,38
3412,16
3412,18
3422,37
3422,14
3422,46
3422,15
3426,38
3629,47
3426,16
3362,35
3629,18
3440,31
3637,38
3440,24
3440,32
3637,17
3637,16
3637,18
3461,45
3643,40
3643,14
3479,8
3643,16
3479,15
3651,38
3386,13
3651,14
3497,46
3499,3
3497,44
3497,18
3497,8
3644,42
3522,49
3522,17
3660,42
3680,7
3522,13
3533,7
3680,14
3533,16
3688,7
3688,16
3681,42
3703,37
3703,17
3703,16
3710,7
3710,16
3717,40
3717,46
3724,10
3724,46
3727,35
3674,4
3741,6
3741,16
3748,22
3730,48
3757,31
3760,31
3770,35
3780,10
3780,15
3774,3
3774,45
3754,35
3785,35
3801,32
3808,38
3809,10
3809,18
3809,16
3819,8
3819,17
3819,14
3819,47
3819,15
3819,18
3819,46
3819,16
3245,38
3248,7
3883,15
3259,37
3543,25
3550,27
3550,31
3552,31
3556,44
3260,3
3258,42
3256,2
3288,9
3883,16
3290,35
3308,3
3319,38
3877,3
3292,4
3327,38
3894,3
3331,16
3555,42
3567,45
3335,24
3339,32
3343,21
3898,3
3315,35
3357,6
3921,49
3357,47
3357,18
3358,2
3573,16
3372,44
3578,39
3379,27
3379,31
3379,30
3388,37
3391,3
3578,16
3400,24
3401,32
3402,16
3402,44
3402,27
3402,32
3402,31
3402,3
3396,2
3943,38
3586,10
3411,44
3423,10
3586,14
3423,16
3427,38
3586,16
3427,16
3582,42
3438,21
3424,2
3415,2
3440,46
3943,18
3951,7
3609,37
3453,18
3453,45
3609,16
3619,49
3485,38
3951,17
3485,46
3485,47
3485,15
3486,40
3619,14
3486,16
3486,18
3619,15
3498,10
3619,16
3498,47
3498,15
3498,16
3498,18
3619,18
3499,44
3952,42
3961,3
3973,49
3630,6
3521,3
3630,47
3630,16
3973,16
3630,18
3638,9
3989,38
3638,15
3643,3
3652,10
3652,15
3989,14
3638,42
3631,42
3994,38
3681,49
3681,14
3689,37
3994,14
3689,18
3693,10
3998,9
3693,47
3693,15
3704,37
3704,14
3998,18
3998,16
3979,2
4008,3
3729,39
4007,45
3729,16
3736,9
4023,39
3736,15
3742,38
3742,15
4023,16
4031,3
3748,27
3749,22
4042,38
3749,31
3749,24
3749,32
3744,2
3744,22
3758,31
4042,15
3766,7
4044,3
3766,16
4054,10
3767,45
3767,25
3757,2
3781,38
3781,16
3779,45
3756,35
4054,17
3793,44
3794,48
4054,14
3802,3
3802,31
3810,7
4054,47
3810,17
3820,38
4054,15
3820,17
4054,18
3823,3
3823,45
3841,40
4054,46
3841,14
3850,37
4054,16
3850,17
3859,8
4062,37
3859,18
3859,16
3853,3
3861,2
3877,49
3877,16
4062,14
3543,21
3249,9
3247,37
3543,32
3550,15
3260,7
3552,24
3557,45
3552,42
3870,4
3569,37
3876,35
3569,16
3569,18
3537,13
3911,6
3573,6
3573,44
3591,38
3911,16
3591,16
3259,3
3248,4
3591,18
3257,2
3289,39
3601,49
3298,10
3917,38
3601,14
3601,15
3304,9
3601,16
3601,18
3320,38
3602,6
3305,16
3273,4
3328,38
3602,47
3331,44
3331,32
3332,31
3332,18
3604,7
3917,15
3335,18
3339,27
3344,18
3604,16
3610,49
3344,44
3347,38
3922,49
3311,35
3358,38
3610,16
3358,46
3358,47
3358,16
3358,18
3366,44
3620,10
3367,44
3372,18
3373,4
3380,38
3620,17
3380,14
3380,15
3389,37
3620,14
3391,21
3391,32
3397,10
3620,15
3401,45
3397,47
3409,2
3400,13
3377,4
3412,21
3416,21
3428,37
3620,16
3428,16
3438,26
3419,2
3440,2
3620,18
3460,27
3460,24
3616,3
3447,4
3480,8
3629,3
3480,15
3922,15
3451,35
3470,13
3487,9
3639,49
3487,47
3490,13
3922,18
3639,14
3505,6
3640,38
3505,16
3513,38
3922,16
3513,17
3513,18
3640,46
3512,44
3642,3
3495,2
3653,10
3921,16
3537,45
3925,3
3653,46
3921,42
3654,13
3933,10
3682,37
3682,46
3682,16
3682,18
3690,40
3933,16
3690,15
3694,10
3938,3
3694,16
3694,18
3695,40
3940,3
3695,46
3705,10
3952,38
3705,17
3709,28
3724,3
3952,18
3941,2
3732,44
3732,31
3732,32
3734,21
3734,27
3729,2
3734,42
3962,40
3758,45
3761,45
3767,10
3962,16
3767,15
3963,37
3764,2
3761,4
3780,22
3785,10
3963,18
3785,15
3964,9
3795,22
3788,35
3802,45
3802,24
3811,8
3811,15
3821,49
3964,16
3821,16
3818,18
3831,10
3966,9
3831,17
3842,7
3842,18
3844,38
3966,14
3844,17
3844,14
3851,38
3966,18
3851,17
3851,14
3851,15
3849,3
3856,3
3740,4
3878,9
3878,16
3879,9
3879,16
3880,8
3880,17
3968,3
3974,10
3974,18
3979,49
3439,3
3432,3
3990,38
3990,17
3988,3
3978,42
4012,40
4012,15
4007,2
4024,7
4024,15
4028,3
4042,3
4045,3
4055,49
4055,17
4055,14
4055,15
4063,38
3250,6
3245,31
3241,31
3884,37
3540,27
3261,38
3540,32
3267,37
3280,37
3884,16
3269,4
3262,3
3261,3
3242,2
3287,3
3279,2
3305,38
3547,42
3313,37
3556,42
3321,38
3557,42
3304,16
3329,38
3569,44
3332,24
3335,44
3340,16
3574,37
3890,6
3347,44
3574,16
3323,35
3350,35
3359,8
3359,46
3890,16
3367,25
3372,24
3376,40
3576,16
3592,38
3390,40
3881,3
3391,16
3397,16
3592,14
3402,38
3592,15
3397,13
3400,14
3389,4
3372,2
3413,38
3603,49
3413,46
3413,18
3429,9
3603,14
3429,15
3605,38
3895,3
3605,17
3605,14
3605,15
3450,4
3460,28
3605,16
3467,38
3605,18
3467,15
3437,4
3481,37
3918,7
3481,14
3603,16
3473,2
3466,13
3488,10
3615,3
3488,18
3486,44
3620,42
3486,13
3514,10
3514,14
3514,18
3517,3
3512,32
3644,38
3918,16
3644,14
3533,21
3923,8
3537,32
3654,10
3654,47
3923,18
3649,42
3634,35
3640,35
3675,3
3923,16
3683,37
3908,3
3683,46
3683,16
3690,3
3689,16
3696,49
3926,3
3696,47
3696,46
3696,18
3706,10
3934,38
3706,14
3717,42
3725,38
3934,14
3725,14
3728,38
3934,15
3728,17
3729,15
3930,42
3940,21
3742,21
3742,31
3940,26
3745,24
3745,27
3745,31
3745,25
3733,35
3752,21
3940,32
3760,38
3882,4
3760,18
3761,31
3937,2
3763,4
3782,6
3782,16
3967,10
3786,38
3786,14
3787,38
3967,18
3787,16
3967,16
3798,7
3970,3
3798,17
3798,14
3798,15
3798,18
3798,16
3802,32
3975,10
3809,44
3808,17
3822,38
3822,14
3975,18
3832,8
3832,14
3832,47
3843,8
3429,3
3843,15
3845,7
3980,3
3845,17
3830,3
3829,35
3848,3
3857,46
3865,2
3835,35
3881,10
3881,18
3989,3
3956,2
4013,37
4013,15
4014,21
4029,37
4029,18
4029,16
4033,3
4043,38
4043,14
4435,37
4056,49
4056,14
4063,15
3245,18
3540,21
3540,24
3268,7
3551,9
3241,18
3281,38
3885,8
3551,16
3553,39
3553,16
3263,2
3516,4
3299,10
3560,8
3301,3
3310,3
3322,39
3885,16
3295,16
3560,47
3325,16
3325,44
3325,3
3332,44
3335,31
3340,44
3345,44
3348,38
3565,7
3352,35
3360,38
3891,49
3360,14
3360,15
3360,47
3565,16
3367,24
3372,31
3569,24
3381,8
3574,2
3381,17
3381,14
3381,15
3381,16
3381,18
3391,37
3496,2
1093,42
3397,22
1093,38
3403,37
1093,16
3405,10
1093,22
3405,14
3405,15
3392,13
3377,16
3414,38
1093,27
3414,15
3424,7
1093,24
3424,14
3430,38
3430,15
3430,21
3423,35
3403,35
3593,38
3445,2
3446,4
3468,40
3891,17
3468,16
3468,18
3473,9
3593,18
3473,17
3482,7
3587,13
3482,16
3469,13
3489,10
3885,3
3489,16
3489,18
3610,42
3621,49
3489,3
3515,8
3904,37
3515,17
3515,14
3515,47
3515,15
3515,16
3515,18
3500,3
3504,3
3523,40
3621,17
3523,46
3523,47
3523,16
3621,14
3621,15
3534,39
3621,16
3534,17
3621,18
3542,10
3614,3
3542,47
3612,3
3611,3
3617,42
3594,42
3904,17
3904,14
3655,40
3904,15
3655,14
3655,16
3904,18
3661,3
3637,42
3671,48
3684,9
3904,16
3684,15
3684,16
3896,35
3697,38
3919,7
3697,46
3707,7
3707,16
3919,14
3718,49
3718,17
3725,3
3909,3
3729,22
3733,32
3928,3
3741,45
3933,3
3731,2
3753,44
3755,44
3953,39
3760,2
3953,18
3953,16
3710,4
3783,38
3953,3
3783,14
3783,15
3783,16
3782,48
3788,7
3957,3
3788,16
3794,21
3799,37
3964,42
3799,14
3800,3
3800,22
3800,24
3799,45
3976,40
3806,48
3825,38
3825,18
3976,16
3846,38
3977,3
3846,14
3846,18
3422,3
3844,3
3860,10
3981,3
3860,17
3867,38
3867,18
3871,10
3871,14
3871,18
3871,16
3882,37
3882,14
3998,3
4002,38
4002,16
4014,37
4014,16
4016,9
4016,16
4023,3
4034,38
4034,17
4034,18
4034,16
4037,3
4047,38
4047,17
4052,3
4062,3
3540,31
3262,38
3539,2
3269,10
3554,37
3282,39
3886,37
3554,16
3559,49
3559,17
3289,3
3559,14
3280,2
3302,3
3559,15
3315,16
3273,16
3326,16
3326,3
3333,8
3559,16
3559,18
3340,24
3341,16
3561,49
3886,17
3351,35
3361,40
3561,46
3361,17
3361,14
3361,47
3361,16
3361,18
3886,18
3366,13
3886,16
3369,2
3382,38
3565,45
3382,14
3392,38
3892,38
3393,18
3574,22
3393,2
3404,10
3574,27
3384,2
3375,13
3334,2
3333,35
3415,37
3493,4
3415,16
3425,7
3535,4
3425,18
3431,7
3573,2
3431,46
3431,15
3441,21
3412,13
3453,40
3579,13
3593,24
3593,32
3892,14
3482,44
3892,15
3476,35
3459,13
3413,13
3490,38
3533,4
3490,16
3495,39
3599,42
3495,46
3495,47
3495,16
3499,10
3622,37
3499,47
3499,18
3488,35
3516,38
3887,3
3516,15
3506,3
3513,3
3523,3
3622,14
3530,38
3609,13
3530,17
3530,14
3606,3
3530,15
3530,16
3604,3
3631,6
3542,44
3905,38
3631,16
3632,3
3656,39
3905,14
3656,16
3905,47
3671,38
3905,15
3665,42
3685,49
3685,17
3688,3
3698,6
3886,4
3698,14
3707,35
3711,9
3920,3
3711,14
3711,47
3711,15
3912,3
3723,42
3729,29
3736,45
3736,30
3746,44
3746,32
3915,42
3744,25
3731,18
3742,2
3710,45
3746,2
3762,38
3954,38
3762,17
3762,14
3762,18
3755,42
3732,4
3784,49
3954,18
3784,17
3949,3
3789,7
3789,17
3789,14
3789,47
3789,15
3789,18
3789,46
3789,16
3963,48
3977,9
3799,3
3791,42
3786,13
3787,35
3808,35
3804,4
3826,49
3826,16
3833,6
3977,16
3833,47
3833,16
3414,3
3835,45
3991,10
3861,10
3861,15
3868,9
3991,17
3868,47
3868,15
3870,22
3991,47
3991,46
3995,37
3995,17
4003,38
4003,16
4003,3
4017,10
4017,18
4025,37
4025,16
4035,40
4035,18
4035,16
4038,3
4048,37
4048,17
4048,18
4048,16
4053,3
4063,3
3524,42
3545,44
3555,38
3270,10
3887,37
3555,17
3555,14
3555,15
3555,16
3555,18
3559,21
3249,3
3244,3
3559,2
3289,22
3293,35
3303,3
3566,10
3312,3
3285,4
3566,46
3566,47
3326,21
3334,10
3566,15
3887,16
3575,6
3341,44
3893,6
3346,44
3348,18
3349,35
3575,46
3575,16
3575,18
3373,38
3408,4
3373,17
3579,37
3376,16
3376,31
3383,7
3383,16
3393,38
3893,16
3393,44
3365,2
3872,2
3406,9
3580,22
3406,14
3406,16
3371,13
3367,13
3416,39
3581,3
3416,17
3416,16
3593,31
3432,8
3589,3
3432,47
3432,15
3606,38
3382,35
3894,22
3606,16
3463,38
3591,42
3463,15
3469,7
3623,38
3469,16
3469,18
3894,30
3467,35
3463,35
3483,9
3623,14
3483,18
3464,13
3894,24
3455,13
3436,13
3491,6
3899,3
3491,47
3496,40
3496,16
3500,7
3553,4
3500,16
3506,8
3657,38
3506,47
3517,40
3924,10
3517,16
3515,44
3523,44
3511,3
3531,37
3657,16
3531,17
3531,16
3531,18
3534,21
3536,44
3657,18
3505,4
3663,6
3663,16
3664,3
3924,16
3914,5
3669,42
3686,10
3931,3
3686,14
3686,47
3686,15
3685,42
3697,3
3708,37
3935,9
3708,16
3711,3
3719,40
3719,14
3728,42
3730,38
3935,14
3730,17
3743,37
3955,10
3743,14
3741,42
3754,22
3756,37
3955,16
3756,17
3756,14
3756,15
3756,18
3756,16
3710,14
3948,3
3764,45
3962,3
3768,4
3777,44
3790,37
3978,49
3790,47
3792,44
3798,48
3798,21
3799,31
3811,42
3809,42
3827,38
3827,14
3827,15
3858,3
3822,2
3850,3
3850,22
3842,3
3842,44
3834,3
3831,3
3843,35
3847,13
3851,13
3869,7
3980,38
3869,17
3869,14
3869,15
3869,18
3869,16
3872,37
3872,16
3980,18
3992,49
3992,47
3992,15
3994,3
3999,40
3999,16
4002,3
4004,3
4017,3
4026,10
4026,15
4030,10
4030,18
4036,49
4036,15
4047,3
4064,38
4064,15
3545,38
3888,40
3263,37
3545,46
3271,9
3512,18
3267,13
3247,3
3888,14
3281,3
3289,16
3291,3
3306,37
3562,6
3313,3
3889,35
3285,16
3330,9
3562,16
3562,18
3340,10
3894,9
3342,16
3342,44
3567,35
3342,27
3342,24
3342,31
3348,44
3353,39
3288,21
3353,14
3353,15
3353,16
3353,18
3347,16
3536,13
3369,44
3369,32
3347,4
3376,32
3384,37
3580,38
3384,14
3894,17
3580,16
3379,2
3894,18
3406,44
3374,13
3363,13
3417,10
3894,16
3421,35
3576,42
3433,39
3897,38
3433,46
3440,38
3440,21
3383,35
3385,35
3443,35
3456,6
3600,42
3456,15
3464,6
3624,49
3464,16
3470,40
3897,18
3470,17
3470,14
3470,15
3470,16
3470,18
3449,35
3438,35
3484,38
3624,16
3484,46
3474,13
3456,13
3453,13
3492,37
3607,3
3492,16
3471,13
3494,13
3501,37
3632,38
3501,46
3906,7
3518,10
3518,46
3632,46
3906,17
3645,10
3527,3
3532,2
3906,14
3645,16
3658,6
3906,16
3658,14
3658,15
3912,10
3667,3
3662,42
3687,49
3687,17
3687,16
3691,8
3912,14
3691,14
3696,3
3694,3
3912,15
3712,38
3912,46
3712,15
3718,48
3722,48
3721,16
3730,44
3737,10
3737,18
3897,2
3932,3
3744,27
3750,38
3936,10
3750,15
3752,27
3936,15
3753,42
3762,44
3768,10
3944,38
3768,18
3771,7
3771,16
3771,3
3771,22
3775,35
3791,38
3944,15
3791,17
3791,18
3791,16
3942,5
3786,44
3800,10
3800,17
3800,14
3800,15
3800,18
3800,46
3800,16
3957,38
3790,13
3806,44
3811,44
3810,42
3828,38
3957,18
3828,16
3834,37
3834,15
3847,49
3965,3
3847,16
3840,13
3839,13
3821,3
3862,38
3972,3
3862,15
3870,38
3827,4
3870,18
3855,13
3981,6
3981,16
3993,6
3993,14
3993,18
3993,16
3995,3
4004,9
4004,16
4005,3
4015,3
4040,3
4048,3
4055,3
4435,18
3246,35
3546,9
3889,9
3546,16
3284,9
3545,32
3250,3
3243,3
3282,3
3289,27
3300,37
3546,32
3306,3
3314,10
3556,38
3319,3
3321,3
3331,10
3556,17
3334,18
3341,10
3556,14
3317,2
3304,21
3348,31
3354,10
3556,15
3354,17
3354,14
3354,15
3354,46
3354,47
3354,16
3354,18
3346,13
3364,8
3556,16
3364,17
3364,16
3364,18
3370,10
3556,18
3373,21
3373,32
3377,38
3889,16
3377,14
3378,38
3895,8
3378,16
3385,37
3550,2
3385,14
3385,15
3385,16
3385,18
3394,37
3395,3
3395,18
3398,9
3895,16
3407,37
3548,4
3407,15
3407,47
3338,35
3418,38
3288,16
3418,14
3418,15
3420,44
3434,8
3907,6
3434,15
3572,2
3446,38
3446,17
3446,14
3446,15
3446,16
3446,18
3594,6
3907,16
3454,2
3465,40
3594,16
3465,15
3458,2
3434,35
3478,22
3478,24
3911,3
3607,38
3502,37
3902,3
3502,14
3503,37
3607,14
3503,15
3507,10
3611,8
3507,46
3518,13
3518,31
3518,21
3910,2
3520,3
3611,16
3625,10
3528,3
3918,3
3934,48
3514,42
3625,47
3605,3
3601,3
3633,9
3945,7
3633,14
3633,15
3639,3
3646,49
3646,14
3646,15
3646,16
3646,18
3659,39
3945,16
3659,17
3659,14
3659,15
3659,16
3659,18
3664,6
3954,35
3664,16
3668,3
3658,42
3687,3
3692,37
3958,49
3692,17
3699,6
3699,17
3699,14
3699,47
3699,15
3699,46
3699,16
3699,18
3703,3
3713,37
3958,17
3713,47
3713,15
3965,10
3722,16
3721,42
3712,16
3730,31
3737,22
3743,22
3736,42
3751,10
3965,17
3751,14
3751,47
3751,15
3966,3
3753,14
3750,35
3748,2
3762,31
3769,38
3751,4
3769,14
3769,18
3772,7
3982,9
3772,14
3772,3
3772,44
3792,8
3982,16
3792,14
3792,15
3993,35
3801,38
3801,17
3801,18
3801,46
3801,16
4000,8
3807,44
3807,13
3820,48
4000,18
4000,16
3853,7
4005,49
3853,17
3863,38
3863,47
3863,15
3863,18
3861,16
3857,13
3859,13
4005,14
4009,3
4021,3
3996,4
4035,3
4049,10
4049,15
4057,7
4057,15
4065,6
4065,16
3547,37
3888,35
3272,37
3547,15
3896,8
3283,35
3245,3
11,35
3284,3
3290,9
3555,44
3301,38
3896,15
3558,2
3315,40
3320,35
3321,16
3332,10
3566,42
3333,16
3342,38
3566,45
3343,7
3566,31
3304,13
3348,24
3355,40
3566,24
3355,47
3343,13
3365,38
3908,49
3365,15
3371,7
3371,14
3371,15
3371,47
3373,25
3373,31
3571,31
3379,10
3497,13
3379,47
3386,37
3908,18
3386,16
3395,38
3549,2
3395,16
3399,10
3595,38
3384,16
3408,37
3908,16
3408,16
3322,35
3356,35
3359,35
3413,44
3595,18
3562,42
3435,38
3612,49
3435,46
3435,15
3442,38
3903,3
3442,15
3437,21
3612,16
3457,38
3612,18
3457,14
3458,38
3626,49
3458,14
3458,47
3458,15
3466,9
3466,47
3626,17
3474,38
3626,47
3474,16
3474,18
3626,15
3626,16
3452,13
3431,13
3626,18
3487,13
3504,6
3598,3
3504,14
3504,47
3504,15
3482,4
3595,3
3596,3
3634,40
3924,42
3634,17
3634,14
3634,47
3634,15
3634,16
3505,22
3529,3
3535,39
3634,18
3535,16
3538,22
3538,27
3538,32
3534,15
3647,8
3906,42
3647,14
3647,15
3647,16
3647,18
3660,37
3937,10
3660,16
3656,42
3937,15
3659,42
3670,42
3937,18
3692,3
3700,38
3946,49
3700,17
3700,14
3700,15
3700,16
3700,18
3714,10
3946,16
3714,18
3714,42
3945,3
3719,42
3731,8
3947,3
3731,16
3737,24
3626,3
3738,27
3738,31
3743,25
3743,31
3973,42
3982,3
3992,2
3738,4
4000,3
3757,45
3773,6
4006,9
3773,16
3782,22
3793,8
4006,15
3793,16
3791,44
4010,3
3802,10
4018,37
3802,14
3802,47
3802,18
3804,40
3804,14
4018,16
3803,13
3829,8
4022,3
3829,14
3826,3
3846,3
3835,18
3854,38
3958,4
3854,15
3864,38
3864,18
3860,13
4049,3
4056,3
4066,10
4066,14
3548,38
3251,40
3879,3
3252,6
3548,16
3548,18
3273,6
3274,38
3898,6
3546,13
3540,13
3554,2
3285,10
3563,2
3291,37
3571,42
3302,10
3571,32
3307,40
3898,16
3909,49
3572,45
3572,31
3323,39
3572,32
3321,21
3327,3
3327,18
3327,44
3327,31
3327,24
3333,44
3575,45
3334,31
3336,16
3344,38
3340,4
3581,40
3305,4
3335,4
3354,35
3356,21
3366,38
3581,15
3366,14
3366,47
3372,10
3583,13
3372,14
3575,13
3376,44
3387,38
3909,14
3394,35
3608,37
3400,38
3913,9
3608,14
3405,35
3341,35
3353,35
3419,8
3608,15
3419,14
3419,15
3423,18
3436,6
3588,42
3436,14
3436,16
3443,40
3443,15
3447,6
3447,16
3454,9
3635,9
3454,18
3459,9
3913,17
3459,16
3459,18
3465,35
3635,14
3475,38
3635,15
3475,15
3416,4
3462,35
3433,13
3493,37
3633,13
3493,16
3493,18
3650,3
3489,44
3489,27
3489,24
3489,32
3489,31
3491,13
3501,35
3502,35
3481,16
3516,45
3513,44
3524,38
3648,42
3524,16
3524,18
3913,18
3666,48
3536,40
3913,16
3536,18
3540,37
3916,3
3540,46
3530,2
3526,31
3691,3
3925,37
3705,3
3720,38
3925,17
3720,46
3720,16
3689,4
3717,16
3919,3
3922,3
3731,44
3731,25
3731,24
3738,37
3938,9
3738,16
3743,24
3739,2
3747,38
3747,47
3743,35
3755,40
3938,14
3755,14
3749,42
3944,3
3950,3
3765,35
3774,38
3955,3
3774,18
3774,16
3968,38
3784,22
3781,44
3789,35
3788,44
3968,16
3787,44
3781,2
3777,35
3803,38
3975,3
3803,14
3803,18
3803,16
3647,3
3804,44
3812,10
3812,17
3812,14
3812,47
3812,15
3812,18
3812,16
3823,38
3983,3
3823,14
3830,8
3996,38
3830,16
3835,10
3835,17
3845,3
3852,39
3996,18
3852,14
3837,2
3865,10
3865,18
3865,16
3836,2
3873,38
3873,16
4007,8
4007,16
4011,3
4024,3
4031,10
4031,14
4031,15
4031,18
4037,38
4037,18
4036,42
4050,39
4050,15
4058,38
4058,14
4065,3
3549,10
3866,13
3275,38
3549,47
3546,45
3550,21
3286,37
3551,26
3292,37
3246,37
3553,22
3293,37
3545,13
3551,13
3307,18
3295,2
3324,9
3559,27
3899,7
3328,44
3333,25
3334,22
3336,44
3899,17
3337,16
3345,7
3563,22
3337,13
3349,40
3575,25
3339,4
3582,49
3357,35
3367,6
3878,4
3367,16
3582,17
3368,44
3374,9
3914,10
3374,16
3374,18
3377,22
3379,16
3388,16
3388,24
3392,16
3401,38
3582,16
3403,16
3403,32
3914,17
3348,35
3361,35
3414,44
3587,37
3915,10
3423,44
3424,44
3437,38
3587,46
3437,14
3437,15
3438,8
3596,37
3438,15
3444,38
3444,46
3444,47
3444,15
3448,10
3596,16
3448,16
3448,18
3455,6
3596,18
3455,46
3457,35
3915,16
3471,9
3917,3
3471,14
3471,15
3476,38
3593,42
3476,14
3476,18
3360,4
3428,13
3494,8
3625,3
3494,15
3496,44
3496,25
3623,13
3481,4
3503,21
3503,3
3519,7
3627,38
3519,17
3519,14
3519,16
3519,18
3926,37
3627,17
3531,3
3537,10
3618,42
3537,46
3537,15
3541,37
3635,3
3541,16
3526,21
3636,3
3641,42
3651,3
3665,38
3665,15
3926,15
3657,4
3923,3
3686,42
3700,3
3706,3
3939,7
3569,4
3704,42
3701,42
3939,14
3939,15
3738,45
3735,2
3747,45
3747,31
3747,27
3947,10
3752,42
3757,16
3947,47
3775,6
3947,18
3775,16
3767,2
3778,2
3783,44
3951,3
3794,7
3794,18
3794,16
3969,38
3779,42
3783,42
3796,44
3796,32
3795,2
3792,2
3813,38
3969,18
3813,15
3824,49
3976,3
3824,18
3824,16
3828,48
3836,37
3652,3
3836,18
3841,48
3983,7
3866,6
3866,18
3866,16
3869,3
3867,2
3983,14
3983,15
3985,3
3997,38
3997,17
3974,42
4008,10
4008,18
4008,16
4012,3
4018,48
4025,3
4030,42
4038,10
4038,15
4044,38
4044,14
4051,37
4051,17
4051,14
4435,16
4066,3
3548,44
3883,3
3276,38
3551,27
3283,40
3557,7
3900,9
3557,14
3239,3
3559,25
3287,38
3562,44
3294,7
3567,10
3294,3
3308,10
3316,38
3567,15
3319,16
3567,16
3567,18
3322,44
3570,49
3322,16
3336,25
3346,7
3900,14
3570,14
3575,31
3342,2
3309,4
3368,9
3583,49
3368,14
3368,15
3368,47
3368,27
3374,21
3374,32
3374,24
3379,21
3900,15
3583,16
3388,21
3388,32
3388,27
3388,2
3588,49
3910,6
3401,24
3403,21
3588,46
3588,16
3332,2
3415,44
3588,18
3439,38
3597,49
3439,15
3445,10
3445,16
3445,18
3449,37
3597,16
3449,16
3448,35
3590,3
3602,42
3460,35
3472,10
3585,42
3472,17
3472,18
3613,9
3480,35
3426,13
3418,13
3417,13
3483,2
3496,31
3496,26
3910,18
3478,2
3508,39
3916,38
3508,14
3508,47
3508,15
3508,16
3613,46
3520,9
3624,13
3520,17
3520,14
3520,46
3520,47
3520,15
3520,16
3525,40
3528,10
3608,42
3528,18
3916,15
3538,38
3641,38
3538,16
3539,45
3526,42
3913,3
3641,17
3641,16
3641,18
3645,3
3646,3
3927,38
3666,10
3663,35
3676,38
3927,14
3676,17
3676,14
3676,46
3676,47
3676,15
3676,16
3676,18
3683,3
3682,3
3677,42
3927,15
3708,3
3929,3
3721,40
3940,37
3721,46
3726,9
3726,46
3702,42
3732,9
3940,16
3732,14
3732,15
3733,49
3948,37
3733,14
3733,47
3733,46
3734,7
3734,14
3734,47
3734,15
3739,37
3948,18
3739,18
3744,49
3948,16
3744,17
3747,25
3946,3
3750,44
3750,32
3750,16
3959,17
3751,44
3757,49
3757,17
3970,7
3763,6
3763,16
3769,45
3769,31
3970,18
3568,3
3766,44
3776,7
3984,38
3776,18
3777,6
3777,16
3767,16
3769,42
3795,38
3984,15
3795,18
3795,16
3776,42
3796,3
3793,2
3814,38
3986,3
3814,14
3812,3
3818,4
3837,7
3837,15
3838,8
3838,18
3848,38
4001,7
3848,16
3837,16
4001,16
3868,2
4009,10
4009,17
4013,3
4019,38
4019,14
4019,15
4019,18
4026,3
4039,38
4039,15
4045,38
4045,18
4050,3
4059,39
4059,14
3549,22
3254,39
3551,22
3551,32
3277,40
3558,38
3873,3
3558,16
3240,3
3559,31
3563,10
3901,9
3309,40
3563,16
3314,3
3560,13
3571,38
3328,16
3571,17
3901,16
3346,16
3350,6
3571,14
3350,17
3350,16
3350,18
3571,46
3361,22
3369,37
3571,47
3369,14
3369,15
3369,47
3368,25
3374,25
3374,31
3374,27
3379,14
3571,15
3571,16
3571,18
3376,2
3400,44
3399,16
3399,27
3398,32
3403,27
3407,44
3561,13
3355,35
3417,16
3564,13
3419,44
3425,35
3584,10
3882,16
3440,15
3427,35
3450,38
3584,46
3450,14
3450,15
3589,10
3460,8
3907,3
3460,15
3589,47
3589,16
3598,38
3928,38
3598,16
3483,16
3495,44
3498,44
3598,18
3509,10
3509,14
3509,15
3509,16
3509,18
3928,15
3521,37
3614,9
3521,17
3521,16
3521,18
3929,38
3526,10
3614,47
3526,18
3529,39
3622,3
3628,39
3529,17
3529,14
3529,46
3529,47
3529,16
3529,18
3532,38
3532,17
3532,14
3532,15
3532,16
3539,8
3628,16
3539,14
3539,15
3603,4
3543,39
3929,14
3543,16
3929,15
3648,37
3931,6
3648,17
3648,47
3661,6
3661,17
3661,14
3661,46
3661,47
3661,15
3661,16
3661,18
3667,37
3931,16
3667,16
3672,6
3935,3
3672,46
3677,37
3949,37
3677,16
3684,42
3701,8
3949,15
3701,15
3709,9
3949,46
3709,16
3715,38
3949,16
3715,14
3722,38
3956,39
3722,46
395,3
3701,16
3735,37
3735,18
3956,17
3739,44
3739,31
3739,24
3745,10
3956,18
3745,17
3748,9
3956,16
3748,17
3748,18
3748,16
3747,42
3758,8
3960,17
3758,16
3764,6
3971,37
3764,16
3768,45
3778,39
3778,18
3778,16
3758,2
3766,42
3971,17
3485,3
3797,3
3797,31
3805,40
3985,8
3805,16
3815,38
3815,16
3813,3
3817,2
3825,2
3838,3
3855,37
3985,15
3855,14
3864,3
3863,2
3990,42
4001,3
4010,7
4010,15
4014,3
4027,49
4027,17
4027,14
4019,42
4043,42
4051,3
4060,39
4060,18
3255,7
3535,22
3874,3
3547,21
3278,38
3547,27
3547,24
3547,31
3278,3
3275,3
3547,32
3902,6
13,3
3286,3
3295,38
3559,24
3296,3
3310,37
3560,22
3319,24
3315,21
3323,16
3323,32
3329,18
3335,10
3565,2
3337,44
3328,2
3570,45
3351,6
3576,8
3351,46
3355,44
3902,17
3360,44
3902,14
3902,18
3585,38
3902,16
3585,14
3585,47
3383,44
3389,18
3389,44
3389,31
3396,10
3599,10
3399,21
3399,25
3398,31
3404,18
3404,44
3404,24
3404,31
3905,48
3408,21
3599,18
3417,44
3411,2
3407,35
3441,39
3882,44
3441,47
3441,15
3451,37
3592,42
3451,17
3901,42
3461,38
3615,9
3461,15
3932,10
3464,44
3615,17
3461,4
3468,4
3472,2
3615,14
3420,13
3492,2
3495,31
3498,32
3510,10
3615,47
3510,18
3507,3
3507,22
3507,24
3525,35
3615,16
3532,44
3932,18
3628,3
3544,7
3597,4
3544,46
3544,16
3936,3
3649,37
3649,18
3653,3
3655,3
3668,10
3668,16
3668,18
3673,9
3943,2
3673,16
3678,7
3960,35
3678,15
3479,3
3986,37
3698,35
3716,49
3986,17
3716,16
3726,3
3681,16
3971,42
3740,37
3997,42
3740,18
3745,44
3749,10
4011,8
3749,14
3749,15
3752,37
3752,17
3752,14
3752,15
3759,40
4011,14
3759,14
3759,15
3759,18
3759,16
3761,49
4015,38
3761,18
3765,39
3765,18
3768,31
3779,8
4015,47
3779,15
4015,15
4020,38
3784,4
3797,44
3805,35
3816,9
4020,18
3816,17
3814,3
4020,16
3819,13
3833,3
3856,10
4028,38
3856,15
4028,14
3874,10
3874,16
4016,42
4041,42
4052,49
4052,16
4061,37
4061,14
3264,10
3548,32
3279,38
3548,24
3903,10
3277,3
12,3
3266,3
3271,3
3264,3
3296,10
3552,38
3298,3
3311,40
3316,3
3319,26
3323,44
3323,31
3329,44
3336,38
3552,46
3338,16
3903,18
3552,47
3352,6
3558,44
3352,15
3345,13
3359,44
3364,44
3370,16
3368,13
3559,32
3564,37
3884,3
3396,18
3396,16
3399,32
3398,44
3398,25
3401,3
3409,39
3564,16
3409,16
3409,18
3904,3
3420,9
3564,18
3420,46
3420,47
3420,16
3420,18
3410,35
3364,35
3568,49
3452,6
3871,3
3452,46
3568,14
3435,35
3568,47
3568,15
3568,16
3477,8
3568,18
3477,14
3477,15
3571,45
3930,38
3493,31
3495,24
3570,13
3498,24
3511,8
3577,3
3511,15
3511,16
3511,18
3509,3
3508,3
3527,37
3590,37
3527,14
3527,16
3590,46
3930,18
3535,27
3535,24
3535,31
3590,18
3541,35
3544,35
3600,9
3927,3
3600,16
3578,35
3941,6
3616,37
3616,14
3616,15
3941,14
3939,3
3627,42
3630,42
3952,21
3952,31
3959,35
3972,39
3669,49
3669,16
3669,18
3674,7
3972,16
3674,14
3672,42
3477,3
3678,3
3679,42
3693,42
3695,35
3709,3
3716,3
3720,4
3712,42
3680,4
3733,21
3475,3
3740,24
3746,38
3987,40
3746,17
3746,14
3746,15
3746,18
3746,16
3745,35
3753,38
3753,15
3987,17
3759,44
3969,42
3760,44
3999,42
3766,32
3773,4
3776,45
3762,42
3780,2
3796,10
4021,38
3796,16
3803,44
3803,24
3806,6
4021,14
3806,18
3817,7
4032,7
3817,15
3815,48
3819,44
3839,7
3839,46
3839,16
3832,3
3857,7
4032,14
4040,6
4040,16
3875,9
3875,17
4032,48
4053,10
4053,18
4057,3
3256,37
3550,49
3265,37
3880,3
3550,17
3890,48
3276,3
3241,2
3265,2
3272,3
3297,38
3552,25
3299,3
3312,7
3891,3
3892,3
3319,22
3325,38
3542,13
3329,3
3330,3
3337,38
3564,21
3893,3
3338,45
3339,16
3339,31
3561,21
3568,31
3568,22
3345,14
3362,10
3570,27
3362,14
3364,24
3365,24
3370,22
3370,24
3370,32
3577,40
3375,10
3920,38
3375,17
3375,46
3375,47
3378,35
3387,3
3390,3
3390,18
3390,16
3391,31
3396,44
3398,16
3577,17
3410,6
3577,14
3410,47
3411,37
3577,15
3411,16
3421,37
3421,17
3421,15
3406,2
3381,35
3920,17
3580,42
3430,2
3442,35
3462,39
3584,13
3462,16
3512,35
3920,18
3478,38
3617,38
3478,18
3484,13
3404,35
3493,44
3942,38
3498,3
3512,38
3617,16
3512,14
3510,3
3510,44
3515,42
3519,42
3619,3
3514,45
3514,31
3621,42
3535,32
3636,37
3542,31
3542,24
3942,16
3636,14
3642,10
3950,37
3642,18
3650,7
3650,16
3650,18
3662,7
3950,18
3662,16
3670,10
3670,16
3670,18
3675,37
3961,40
3675,46
3679,38
3679,46
3679,16
3961,14
3676,3
3967,42
3702,38
3444,3
3702,18
3699,42
3715,3
3723,7
3988,37
3723,46
3727,10
3727,14
3673,2
3735,44
3988,14
3988,15
3735,25
3735,24
3740,45
3740,31
3737,13
3987,3
3754,40
3754,14
3756,45
3759,32
3763,45
3770,37
4006,3
3770,17
3713,4
3778,21
4022,6
3773,45
3759,42
4022,18
3790,44
3797,10
4022,16
3797,17
3797,15
3801,44
3801,3
3807,38
4033,38
3807,15
3239,38
3240,38
3807,46
3818,40
3818,16
3241,6
3242,9
3816,13
4033,14
3822,44
4041,49
3825,44
3824,35
3840,6
3840,16
3849,38
4041,18
3849,16
3858,38
4041,16
3858,15
3862,3
3854,3
3876,39
3876,16
4046,10
4046,14
4034,42
4039,42
4059,3
4060,3
4061,3
4067,38
4338,35
4067,17
4067,18
4067,16
4068,38
4419,35
4068,15
4069,38
4438,3
4069,15
4070,38
4439,38
4070,18
4067,3
4439,18
4070,3
4071,10
4071,18
4072,8
4448,49
4072,15
4073,38
4073,15
4074,40
4074,14
4074,16
4075,10
4075,17
4075,16
4074,3
4076,37
4076,15
4077,10
4077,18
4076,3
4077,3
4078,38
4078,18
4079,6
4079,18
4072,48
4075,48
4069,42
4080,38
4080,18
4080,14
4081,6
4081,18
4082,40
4082,18
4082,16
4082,14
4082,15
4083,6
4083,18
4083,16
4083,14
4083,15
4084,9
4084,16
4084,14
4084,15
4084,3
4085,38
4085,16
4086,38
4086,18
4086,16
4086,46
4086,17
4086,14
4086,15
4086,47
4087,6
4087,14
4088,38
4088,18
4088,16
4088,46
4088,17
4088,14
4088,15
4088,47
4085,3
4086,3
4088,3
4079,42
4089,10
4089,14
4089,47
4083,42
4082,42
4080,42
4087,2
4090,6
4090,16
4091,9
4091,15
4092,6
4092,16
4093,49
4093,17
4094,9
4094,18
4094,16
4094,14
4095,38
4095,16
4095,3
4096,49
4096,17
4097,6
4097,16
4098,9
4098,16
4096,3
4092,42
4081,42
4090,42
4094,3
4099,10
4099,16
4100,40
4100,18
4101,38
4101,18
4099,3
4102,38
4102,16
4102,17
4103,38
4103,18
4103,16
4103,17
4102,3
4103,3
4104,37
4104,16
4104,17
4104,3
4105,37
4105,16
4106,10
4106,17
4105,3
4091,2
4107,38
4107,18
4108,8
4108,14
4107,3
4098,48
4109,9
4109,16
4097,42
4108,42
4100,48
4093,48
4073,42
4071,5
4064,42
4058,4
4054,35
4109,3
4110,10
4110,17
4111,6
4111,18
4111,16
4111,17
4112,37
4422,35
4112,17
4113,49
4113,17
4106,42
4437,42
4440,7
4114,37
4114,16
4115,49
4440,18
4115,16
4116,38
4444,37
4116,16
4116,17
4115,3
4444,14
4113,3
4443,42
4117,39
4448,14
4117,17
4118,37
4118,18
4118,17
4119,37
4451,42
4119,17
4120,49
4430,35
4120,18
4121,6
4452,3
4121,18
4121,16
4121,14
4117,3
4118,3
4120,3
4078,48
3875,48
4121,3
4122,38
4122,18
4122,16
4122,3
4123,9
4123,17
4124,7
4124,18
4124,16
4124,14
4124,15
4125,37
4125,18
4125,16
4126,38
4126,15
4114,48
4046,2
4123,3
4124,3
4125,3
4126,3
4127,9
4127,18
4127,16
4127,17
4128,10
4128,15
4129,10
4129,17
4130,37
4130,17
4131,37
4131,14
4116,42
4111,42
4127,42
4131,3
4119,42
4130,42
4132,38
4132,18
4132,3
4133,10
4133,15
4133,3
4134,10
4134,18
4134,16
4135,38
4135,18
4129,2
4136,9
4136,16
4136,14
4135,3
4137,7
4137,17
4138,10
4138,18
4138,3
4139,38
4139,14
4139,3
4140,37
4140,18
4141,40
4141,16
4142,9
4142,47
4134,42
4128,42
4143,49
4143,14
4141,48
4144,7
4144,14
4145,6
4145,15
4142,22
4146,49
4146,15
4144,2
4137,42
4147,40
4148,38
4148,15
4149,38
4149,18
4150,38
4150,15
4151,38
4151,15
4152,38
4152,15
4153,38
4153,15
4154,38
4154,15
4155,38
4155,15
4156,38
4156,15
4157,38
4157,15
4158,38
4158,15
4159,38
4159,15
4159,35
4158,35
4157,35
4156,35
4155,35
4154,35
4153,35
4152,35
4151,35
4160,7
4160,16
4160,17
4161,7
4161,16
4161,17
4162,7
4162,16
4162,17
4163,7
4163,16
4163,17
4164,7
4164,16
4164,17
4165,7
4165,16
4165,17
4166,7
4166,16
4166,17
4167,7
4167,16
4167,17
4168,7
4168,16
4168,17
4168,35
4167,35
4166,35
4165,35
4164,35
4163,35
4162,35
4161,35
4169,6
4169,16
4169,35
4143,42
4142,42
4170,49
4170,46
4170,47
4148,3
4436,7
4171,38
4171,18
4136,42
4172,38
4436,16
4172,18
4172,16
4436,14
4436,47
4336,35
4173,40
4423,42
4173,18
4173,16
4173,17
4150,42
4147,14
4170,22
4170,26
4170,31
4446,6
4147,45
4110,4
4446,18
4174,9
4446,16
4174,14
4160,42
4175,6
4448,48
4175,16
4176,10
4211,42
4176,14
4176,15
4177,37
4027,35
4177,16
4178,7
4325,35
4178,14
4178,15
4179,6
4323,35
4179,16
63,35
4173,3
3984,4
4247,35
4177,3
4179,5
4180,37
4180,16
4181,37
4181,16
4182,40
4182,16
4183,7
4183,18
4183,16
4178,2
4175,35
4184,6
4184,18
4184,16
4185,7
4186,37
4186,14
4180,3
4182,3
4183,3
4187,6
4187,18
4187,16
4188,10
4188,18
4188,14
4189,6
4189,16
4190,37
4190,18
4191,10
4191,17
4192,38
4192,16
4181,48
4184,35
4185,45
4193,7
4193,18
4193,16
4172,42
4194,37
4194,16
4194,17
4189,35
4192,3
4193,3
4194,3
4174,35
4171,42
4068,35
4146,35
4149,4
4195,49
4195,14
4196,9
4196,14
4195,3
4191,42
4197,7
4197,16
4198,37
4198,17
4199,38
4199,18
4199,17
4197,48
4200,6
4200,18
4200,16
4200,14
4200,15
4201,38
4198,3
4140,4
4186,2
4186,22
4202,49
4202,18
4202,16
4203,38
4203,14
4203,3
4204,10
4204,14
4204,47
4205,8
4205,15
4206,6
4206,14
4206,3
4207,37
4207,14
4208,7
4208,16
4209,38
4209,18
4209,17
4210,39
4210,18
4211,38
4211,18
4211,16
4212,38
4212,18
4207,3
4210,3
4204,42
4213,37
4213,15
4213,3
4214,38
4214,17
4170,4
4215,40
4215,18
4215,16
4215,14
4215,15
4216,8
4216,14
4201,17
4209,42
4201,42
4216,31
4216,32
4176,21
4176,26
4176,42
4217,8
4440,3
4217,15
4218,49
4442,42
4218,14
4446,3
4447,35
4450,40
4215,3
4450,17
4316,35
4208,42
4202,35
4219,9
4029,4
4219,16
4185,15
4185,18
4220,37
4220,16
4221,10
4221,15
4216,44
4218,22
4218,26
4218,32
4212,45
4222,10
4223,10
4223,18
4221,3
4224,8
4224,15
4224,3
4223,44
4223,42
4222,16
4222,44
4222,42
4225,37
4225,16
4226,40
4226,18
4226,16
4226,14
4226,15
4217,16
4227,9
4227,16
4214,2
4228,8
4228,15
4216,4
4089,4
4020,4
4229,37
4229,14
4229,3
4220,42
4230,38
4230,18
4225,42
4231,38
4231,14
4231,15
4231,3
4232,10
4232,18
4232,16
4232,14
4232,15
4233,6
4234,6
4234,18
4218,4
4145,4
4145,45
4235,9
4235,16
4236,38
4236,14
4236,15
4237,38
4237,18
4237,3
4238,38
4238,18
4238,3
4205,42
4233,16
4233,42
4239,38
4240,38
4240,16
4240,14
4241,9
4241,18
4241,16
4241,14
4242,10
4242,15
4243,7
4243,18
4228,2
4187,4
4185,4
4101,42
4226,4
4227,48
4219,42
4235,42
4235,44
4235,25
4235,31
4235,33
4244,38
4244,18
4244,16
4244,14
4244,15
4244,47
4244,3
4245,38
4245,18
4245,14
4246,40
4246,16
4247,8
4247,15
4245,3
4240,42
4240,17
4240,21
4241,42
4241,44
4230,42
4230,21
4243,42
4248,40
4248,16
4249,38
4249,18
4250,8
4250,15
4250,47
4248,3
4249,3
4200,4
4251,6
4251,16
4252,40
4252,18
4242,4
4239,42
4239,18
4239,45
4253,40
4253,18
4254,10
4254,18
4255,38
4255,14
4256,10
4256,18
4257,38
4257,18
4257,16
4257,14
4257,15
4257,47
4258,37
4258,16
4259,39
4259,16
4259,35
4251,3
4250,3
4252,3
4253,3
4254,3
4437,38
4260,15
4261,7
4437,15
4261,16
4255,3
4256,3
4345,35
4436,35
4421,42
4262,38
4441,9
4262,15
4263,6
4263,16
4441,17
4264,8
4445,39
4264,15
4265,49
4265,17
4265,14
4265,15
4266,10
4445,15
4266,18
4261,42
4258,42
4439,42
4263,3
4450,42
4319,35
3441,4
4260,42
4260,45
4260,7
4267,37
4267,18
4268,9
4268,18
4269,10
4269,18
4269,15
4270,38
4270,18
4270,16
4271,38
4271,16
4271,42
4268,3
4269,3
4272,10
4272,14
4232,35
4246,4
4273,40
4273,16
4274,9
4274,15
4274,3
4273,3
4267,42
4270,3
4262,42
4275,38
4275,18
4275,16
4276,40
4276,16
4277,39
4277,16
4277,17
4236,35
4278,10
4278,18
4279,38
4279,14
4276,48
4278,35
4280,38
4280,18
4280,3
4279,44
4279,18
4112,4
4281,37
4281,18
4282,10
4282,16
4283,16
4281,16
4283,35
4283,38
4283,45
4284,38
4284,14
4285,38
4285,17
4285,14
4286,10
4286,18
4287,40
4287,14
4288,8
4288,16
4289,37
4289,14
4289,15
4289,47
1604,42
1604,22
4289,3
4290,40
4290,16
4291,37
4291,16
4291,35
4277,42
4282,45
4287,3
4290,3
4281,42
4292,10
4292,14
4293,38
4293,15
4188,44
4188,42
4288,42
4285,48
4286,44
4286,42
4292,13
4292,44
4294,6
4294,16
4295,38
4295,18
4296,6
4296,14
4297,38
4297,15
4293,3
4298,37
4298,15
4299,38
4299,15
4281,44
4282,42
4284,42
4279,35
4264,35
4257,35
4300,8
4300,15
4294,22
4295,48
4301,37
4301,18
4301,16
4301,17
4301,15
4302,38
4302,18
4303,7
4303,14
4304,7
4304,18
4305,38
4305,15
4302,3
4306,37
4306,18
4307,38
4307,15
4308,38
4308,15
4305,3
4309,39
4309,15
4310,10
4310,14
4311,6
4311,16
4311,42
4311,45
4306,3
4312,37
4312,14
4300,42
4303,42
4303,21
4307,42
4307,45
4307,31
4313,38
4313,18
4314,7
4314,18
4314,16
4315,7
4315,14
4315,15
4315,47
4316,10
4442,10
4316,14
4442,16
4308,48
4308,26
4308,22
4299,2
4444,3
4304,42
4309,3
4317,7
4445,42
4317,15
4234,35
4449,37
4318,37
4318,18
4319,37
4449,18
4319,18
4320,38
4449,16
4320,18
4449,17
4313,45
4321,7
4451,6
4321,18
4322,7
4322,14
4451,16
4318,35
3344,35
1713,35
4323,38
4323,14
4324,49
4324,14
4325,49
4325,14
4325,45
4325,31
4325,27
4325,32
4317,35
4326,7
4326,18
4326,16
4320,3
4322,44
4321,35
4326,3
4327,10
4327,18
4326,45
4323,21
4328,49
4328,14
4313,42
4217,35
4147,2
4199,35
4196,35
4329,6
4329,15
4275,35
4316,45
4327,31
4327,24
4327,32
4330,9
4330,16
4248,22
4330,42
4329,21
4296,44
4322,48
4327,42
4328,3
4331,38
4331,14
4332,10
4332,18
4332,16
4332,14
4332,15
4331,3
4333,7
4333,17
4324,45
4334,37
4334,14
4334,15
4335,38
4335,17
4335,14
4335,15
4336,7
4336,16
4337,38
4337,16
4310,4
4338,10
4338,18
4338,16
4335,3
4337,22
4335,45
4333,42
4339,10
4339,18
4339,16
4339,17
4339,14
4339,15
4315,42
4332,2
4340,37
4340,14
4296,2
4336,44
4341,49
4341,18
4341,16
4297,42
4297,22
4342,10
4342,15
4298,2
4298,44
4298,31
4298,24
4343,39
4343,16
4344,38
4344,16
4345,49
4345,14
4334,42
4346,7
4346,14
4346,15
4346,47
4347,37
4347,16
4340,42
4342,42
4294,2
4314,42
4343,21
4344,45
4347,3
4348,10
4348,18
4348,47
4349,10
4349,14
4350,10
4350,17
4435,42
4365,35
4341,21
4341,42
4340,16
4351,6
4351,16
4352,6
4441,3
4352,15
4352,3
4349,3
4350,3
4353,10
4447,10
4353,16
4337,4
4265,4
4354,38
4447,18
4354,18
4447,16
4447,17
4447,14
4447,15
4355,38
4447,47
4355,16
4356,10
4344,35
4356,18
4356,16
4357,6
4434,35
4357,16
4358,10
4190,35
4358,16
4358,17
4452,37
4357,3
4452,15
4348,42
4354,42
4359,7
4359,16
4359,14
4359,15
4360,38
4360,17
4360,3
4355,42
4361,37
4361,15
4362,10
4362,16
4363,38
4363,18
4361,42
4364,40
4364,16
4365,38
4365,18
4358,42
4366,7
4366,15
4366,47
4353,42
4367,40
4367,16
4362,42
4368,6
4368,16
4356,42
4359,42
4369,8
4369,14
4370,7
4370,16
4371,10
4371,18
4372,8
4372,15
4369,3
4373,6
4373,16
4374,6
4374,16
4375,6
4375,16
4376,6
4376,16
4377,6
4377,16
4378,6
4378,16
4379,6
4379,16
4380,6
4380,16
4381,6
4381,16
4382,6
4382,16
4383,6
4383,16
4384,6
4384,16
4385,6
4385,16
4386,38
4386,18
4387,38
4387,18
4388,38
4388,18
4389,38
4389,18
4390,38
4390,18
4391,38
4391,18
4392,9
4392,15
4393,9
4393,15
4394,9
4394,15
4395,9
4395,15
4396,9
4396,15
4397,9
4397,15
4397,35
4396,35
4395,35
4394,35
4393,35
4392,35
4398,6
4398,16
4399,40
4399,16
4400,6
4400,17
4401,6
4401,16
4367,4
4364,4
4385,35
4384,35
4383,35
4391,35
4389,35
4388,35
4387,35
4386,35
4382,35
4380,35
4379,35
4381,35
4378,35
4377,35
4376,35
4375,35
4374,35
4373,35
4402,49
4402,18
4402,16
4402,15
4368,4
4400,35
4399,35
4398,35
4312,42
4371,42
4403,38
4403,14
4404,7
4404,14
4405,49
4405,15
4406,38
4406,14
4406,15
4406,47
4407,49
4407,16
4408,7
4438,37
4408,18
4438,18
4438,16
4438,17
4432,4
4407,3
4443,49
4443,18
4390,42
4443,16
4409,38
4443,17
4409,15
4410,39
4402,35
4410,16
4401,4
4370,4
4329,35
4411,37
4272,42
4411,16
4412,40
4449,42
4412,16
4412,3
4406,35
4410,3
4413,38
4424,35
4413,18
4413,14
4413,15
4413,3
4414,37
4431,42
4414,14
4415,8
4415,14
4416,39
4416,14
4417,38
4417,15
4408,42
4417,35
4416,35
4415,35
4414,35
4418,38
4418,18
4418,42
4409,42
4405,42
4404,42
4419,10
4419,18
4420,9
4420,14
4420,3
4212,4
4421,10
4421,15
4411,42
4403,42
4372,42
4422,7
4422,16
4423,38
4423,18
4423,14
4424,37
4424,18
4366,35
4425,37
4425,17
4343,4
4339,35
4426,38
4426,14
4425,42
4427,49
4427,18
4427,16
4427,47
4427,3
4428,10
4428,16
4428,17
4429,10
4429,18
4426,42
4426,22
4428,3
4363,4
4430,10
4430,18
4431,38
4431,18
4432,49
4432,14
4346,35
4324,35
4351,35
4266,35
4433,37
4433,17
4433,14
4433,15
4434,38
4434,15
4434,47
4429,42
4433,42
