person_id,on_behalf_of_id,pin
298,11,10009
301,20,11000
302,21,12000
303,23,10040
304,24,10006
306,31,10022
317,49,10027
307,35,11022
308,36,23400
309,40,11012
310,41,20005
314,46,67914
315,47,31719
316,48,13802
318,50,64391
319,112,60995
320,52,32446
322,54,95282
328,62,88797
330,64,11842
331,65,98761
334,70,51748
337,73,99492
339,75,93237
369,115,47546
341,77,43449
410,170,16491
343,79,54339
345,82,75591
346,83,21448
347,84,72641
344,81,42871
335,71,30972
300,16,10010
313,45,96206
326,60,59941
327,61,63957
311,43,76900
393,148,33819
329,63,65942
296,6,14000
338,74,21577
349,88,77121
333,69,29072
324,57,82880
350,89,82926
351,90,52449
352,91,85929
348,85,49011
353,92,41615
336,72,85305
357,98,38504
295,5,10300
356,97,68971
361,103,63966
359,100,79674
360,102,17922
363,105,25410
362,104,43250
332,66,69142
418,179,94617
364,106,17584
366,112,61118
371,117,14110
358,99,63108
321,53,42058
448,224,10002
368,114,75422
372,118,82282
373,119,12921
370,116,91955
365,108,32677
355,96,77241
378,126,50339
380,129,21006
379,127,53617
381,130,58555
412,172,20975
383,134,94265
384,135,28470
387,138,68168
385,136,21190
388,140,27254
386,137,45103
389,142,22732
390,144,91248
392,147,96957
394,149,92826
354,93,95867
421,185,49167
375,122,77001
420,184,32154
377,125,60533
445,220,25979
396,155,22461
439,156,77889
426,192,62305
305,29,12020
400,160,39440
402,162,92889
323,56,60996
403,163,61111
391,145,33452
401,161,37235
406,166,40855
407,167,36133
411,171,65198
405,165,40285
413,173,72168
415,175,90443
417,178,32436
382,131,98341
325,59,40021
425,191,31522
427,194,49424
428,196,94281
429,198,95362
416,177,52167
424,189,23541
409,169,50163
431,203,23743
434,206,32830
436,208,23409
367,113,77113
432,204,37552
435,207,97107
437,209,88961
430,202,24226
395,150,80312
312,44,69964
438,212,22168
398,157,77581
399,159,41364
433,205,77947
440,215,85483
441,216,48216
342,78,61578
376,124,67586
414,174,86502
419,183,11439
404,164,25465
442,217,82150
443,218,58898
446,221,74862
447,223,28692
449,227,80632
451,229,48633
455,238,47256
456,239,48089
450,228,94901
452,232,57044
459,243,63171
457,240,37131
461,245,76785
444,219,16120
454,235,16566
458,241,24634
464,248,48742
467,252,12345
462,246,56536
465,250,51795
463,247,54928
374,121,90989
408,168,08495
466,251,18692
469,255,13713
470,256,44491
471,264,51016
423,187,20706
472,266,79111
476,278,75490
460,244,51707
453,234,32674
478,281,32484
479,282,80675
468,253,55150
473,271,31782
477,279,95264
475,273,50170
474,272,82738
480,290,40420
482,2,93479
484,483,52688
486,285,53443
488,294,37392
487,275,49807
489,287,76119
490,291,46697
491,274,22848
493,492,53381
494,283,69419
495,43,64286
497,496,41359
501,500,93879
505,504,84152
513,43,43666
515,514,73925
517,516,00239
520,519,78173
522,521,16478
524,523,55534
525,43,29593
527,526,17092
529,528,94965
533,532,80794
537,536,93728
539,538,89405
541,540,57469
543,542,57841
544,43,21102
546,545,18049
548,547,46459
550,549,68155
552,551,14637
554,553,04697
562,43,97570
564,563,47992
567,566,93653
569,568,15046
573,572,68110
575,574,34803
579,578,71028
581,580,05030
583,582,39434
585,584,70979
587,586,34686
589,588,92107
591,590,97272
593,592,67988
596,595,59753
598,597,30602
600,599,25217
602,601,21908
603,43,02757
607,606,69084
608,606,94944
610,609,02709
571,570,38087
612,611,04106
614,613,22934
622,621,51326
624,623,21340
626,625,22703
627,43,94625
628,167,54253
630,629,55942
631,43,95017
633,632,88073
636,635,05522
639,638,48959
641,640,27271
643,642,51179
649,648,09464
651,650,90720
655,654,36780
664,663,59053
666,665,42622
668,667,11368
671,670,19775
645,43,32760
674,673,49531
677,676,91910
679,678,75163
681,680,02192
684,683,82881
690,689,79319
692,691,11251
694,693,70077
698,697,80241
700,699,01096
704,703,96913
707,706,59010
709,708,64537
711,710,59465
713,712,77553
716,715,87510
718,717,47118
722,721,27704
726,725,42909
728,727,70286
730,712,42367
732,731,73047
736,735,13516
738,737,70154
743,742,06276
746,745,27985
748,747,93320
749,77,98394
751,750,55073
754,753,71835
756,755,58684
560,43,83136
759,758,15677
762,761,20565
764,763,76381
768,767,06029
770,769,67115
779,778,59100
485,43,60682
786,785,32050
788,787,89637
795,794,08128
800,796,47258
798,796,95085
802,801,33861
805,804,99830
807,806,98333
811,810,26623
820,819,37467
782,43,65907
823,822,70279
827,826,90783
833,832,49850
825,824,82378
841,840,80156
845,844,68292
847,846,40113
849,848,89410
851,850,89894
853,852,99655
839,838,30326
855,854,32824
857,856,07596
859,858,96303
861,860,28822
797,796,37812
535,534,47229
864,863,73666
869,867,77002
868,867,38347
720,719,33257
872,871,58590
866,865,97207
876,875,17496
877,43,95338
879,878,56916
881,880,75953
883,882,17119
885,884,26410
887,886,52257
889,888,74888
891,890,77900
893,892,26889
895,894,10792
899,898,63668
903,902,61928
904,894,87946
773,287,35850
907,906,98304
