asset_id,person_id,on_behalf_of_id,disabled
1,445,220,f
2,445,220,f
3,445,220,f
4,445,220,f
5,445,220,f
6,445,220,f
7,445,220,f
8,445,220,f
9,445,220,f
1,501,500,f
21,445,220,f
22,445,220,f
23,445,220,f
24,445,220,f
25,445,220,f
32,885,884,f
1,295,5,f
2,295,5,f
3,295,5,f
4,295,5,f
5,295,5,f
6,295,5,f
7,295,5,f
8,295,5,f
9,295,5,f
21,295,5,f
22,295,5,f
23,295,5,f
24,295,5,f
25,295,5,f
9,544,43,f
4,857,856,f
1,448,224,f
2,448,224,f
3,448,224,f
4,448,224,f
5,448,224,f
6,448,224,f
7,448,224,f
8,448,224,f
9,448,224,f
24,857,856,f
21,448,224,f
22,448,224,f
23,448,224,f
24,448,224,f
25,448,224,f
2,857,856,f
3,857,856,f
4,820,819,f
8,820,819,f
1,312,44,f
2,312,44,f
3,312,44,f
4,312,44,f
5,312,44,f
6,312,44,f
7,312,44,f
8,312,44,f
9,312,44,f
21,312,44,f
22,312,44,f
23,312,44,f
24,312,44,f
25,312,44,f
21,857,856,f
6,857,856,f
23,857,856,f
7,820,819,f
1,329,63,f
2,329,63,f
3,329,63,f
4,329,63,f
5,329,63,f
6,329,63,f
7,329,63,f
8,329,63,f
9,329,63,f
33,885,884,f
21,329,63,f
22,329,63,f
23,329,63,f
24,329,63,f
25,329,63,f
6,820,819,f
1,332,66,f
4,332,66,f
5,332,66,f
6,332,66,f
7,332,66,f
8,332,66,f
23,332,66,f
24,332,66,f
25,332,66,f
15,552,551,f
14,552,551,f
16,552,551,f
35,885,884,f
34,885,884,f
16,899,898,f
12,899,898,f
15,899,898,f
14,899,898,f
32,903,902,f
32,907,906,f
33,907,906,f
31,907,906,f
34,907,906,f
35,907,906,f
33,544,43,f
32,872,871,f
33,872,871,f
12,445,220,f
13,445,220,f
14,445,220,f
15,445,220,f
16,445,220,f
31,872,871,f
16,329,63,f
12,329,63,f
13,329,63,f
14,329,63,f
15,329,63,f
35,872,871,f
12,295,5,f
13,295,5,f
14,295,5,f
15,295,5,f
1,505,504,f
16,295,5,f
16,881,880,f
12,881,880,f
14,881,880,f
13,881,880,f
12,448,224,f
13,448,224,f
14,448,224,f
15,448,224,f
16,448,224,f
1,587,586,f
3,587,586,f
5,587,586,f
6,587,586,f
8,587,586,f
9,587,586,f
2,374,121,f
3,374,121,f
21,374,121,f
22,374,121,f
23,587,586,f
4,374,121,f
5,374,121,f
6,374,121,f
7,374,121,f
8,374,121,f
23,374,121,f
24,374,121,f
25,374,121,f
16,764,763,f
12,764,763,f
14,764,763,f
22,857,856,f
9,857,856,f
25,857,856,f
31,885,884,f
13,899,898,f
33,903,902,f
34,903,902,f
7,395,150,f
1,395,150,f
8,395,150,f
6,395,150,f
4,395,150,f
5,395,150,f
24,395,150,f
25,395,150,f
23,395,150,f
2,395,150,f
3,395,150,f
21,395,150,f
22,395,150,f
9,395,150,f
5,560,43,f
4,560,43,f
45,544,43,f
35,544,43,f
2,560,43,f
21,560,43,f
25,560,43,f
12,560,43,f
16,560,43,f
15,560,43,f
31,560,43,f
33,560,43,f
32,560,43,f
64,560,43,f
46,560,43,f
54,560,43,f
55,560,43,f
42,560,43,f
50,560,43,f
62,560,43,f
32,439,156,f
33,439,156,f
35,439,156,f
42,439,156,f
43,439,156,f
44,439,156,f
46,439,156,f
47,439,156,f
48,439,156,f
50,439,156,f
52,439,156,f
53,439,156,f
54,439,156,f
55,439,156,f
31,805,804,f
62,439,156,f
64,439,156,f
66,439,156,f
32,398,157,f
33,398,157,f
35,398,157,f
42,398,157,f
43,398,157,f
46,398,157,f
47,398,157,f
48,398,157,f
50,398,157,f
52,398,157,f
53,398,157,f
54,398,157,f
55,398,157,f
62,398,157,f
64,398,157,f
66,398,157,f
21,587,586,f
2,587,586,f
22,587,586,f
7,587,586,f
4,587,586,f
24,587,586,f
25,587,586,f
24,820,819,f
2,820,819,f
12,401,161,f
13,401,161,f
14,401,161,f
15,401,161,f
16,401,161,f
13,764,763,f
22,820,819,f
5,820,819,f
4,485,43,f
2,485,43,f
25,485,43,f
31,485,43,f
34,872,871,f
15,881,880,f
24,560,43,f
7,560,43,f
22,560,43,f
23,560,43,f
13,560,43,f
35,560,43,f
34,560,43,f
48,560,43,f
47,560,43,f
23,544,43,f
52,560,43,f
53,560,43,f
45,560,43,f
43,560,43,f
44,560,43,f
66,560,43,f
12,409,169,f
13,409,169,f
14,409,169,f
15,409,169,f
16,409,169,f
7,416,177,f
1,416,177,f
8,416,177,f
6,416,177,f
4,416,177,f
5,416,177,f
24,416,177,f
23,416,177,f
25,416,177,f
2,416,177,f
3,416,177,f
21,416,177,f
22,416,177,f
9,416,177,f
5,720,719,f
2,720,719,f
6,720,719,f
1,720,719,f
7,393,148,f
1,393,148,f
8,393,148,f
6,393,148,f
4,393,148,f
5,393,148,f
24,393,148,f
23,393,148,f
25,393,148,f
2,393,148,f
3,393,148,f
21,393,148,f
22,393,148,f
48,544,43,f
9,560,43,f
3,560,43,f
6,560,43,f
8,560,43,f
1,560,43,f
14,560,43,f
1,602,601,f
2,602,601,f
22,602,601,f
4,602,601,f
32,643,642,f
33,643,642,f
15,764,763,f
9,602,601,f
8,602,601,f
7,424,189,f
1,424,189,f
8,424,189,f
6,424,189,f
4,424,189,f
5,424,189,f
24,424,189,f
23,424,189,f
25,424,189,f
2,424,189,f
3,424,189,f
21,424,189,f
22,424,189,f
9,424,189,f
25,602,601,f
8,857,856,f
3,820,819,f
21,820,819,f
23,820,819,f
12,426,192,f
13,426,192,f
14,426,192,f
15,426,192,f
24,485,43,f
16,426,192,f
3,485,43,f
31,643,642,f
12,416,177,f
13,416,177,f
14,416,177,f
15,416,177,f
16,416,177,f
12,424,189,f
13,424,189,f
14,424,189,f
15,424,189,f
16,424,189,f
12,395,150,f
13,395,150,f
14,395,150,f
15,395,150,f
16,395,150,f
8,485,43,f
12,312,44,f
13,312,44,f
14,312,44,f
15,312,44,f
9,485,43,f
16,312,44,f
14,485,43,f
35,485,43,f
4,887,886,f
12,398,157,f
13,398,157,f
14,398,157,f
15,398,157,f
16,398,157,f
24,720,719,f
9,720,719,f
3,720,719,f
25,720,719,f
33,485,43,f
34,643,642,f
32,544,43,f
24,887,886,f
4,797,796,f
21,602,601,f
7,426,192,f
1,426,192,f
8,426,192,f
6,426,192,f
4,426,192,f
5,426,192,f
24,426,192,f
23,426,192,f
25,426,192,f
2,426,192,f
3,426,192,f
21,426,192,f
22,426,192,f
9,426,192,f
3,602,601,f
7,602,601,f
24,602,601,f
5,602,601,f
6,602,601,f
7,401,161,f
1,401,161,f
8,401,161,f
6,401,161,f
4,401,161,f
5,401,161,f
24,401,161,f
23,401,161,f
25,401,161,f
2,401,161,f
3,401,161,f
21,401,161,f
22,401,161,f
9,401,161,f
23,602,601,f
7,409,169,f
1,409,169,f
8,409,169,f
6,409,169,f
4,409,169,f
5,409,169,f
24,409,169,f
23,409,169,f
25,409,169,f
2,409,169,f
3,409,169,f
21,409,169,f
22,409,169,f
9,409,169,f
2,748,747,f
9,748,747,f
12,825,824,f
2,797,796,f
8,797,796,f
16,883,882,f
21,690,689,t
3,690,689,t
2,690,689,t
6,690,689,t
9,690,689,t
12,883,882,f
14,883,882,f
13,883,882,f
15,883,882,f
2,887,886,f
21,887,886,f
32,446,221,f
33,446,221,f
35,446,221,f
22,887,886,f
3,887,886,f
54,446,221,f
53,446,221,f
62,446,221,f
52,446,221,f
42,446,221,f
43,446,221,f
50,446,221,f
55,446,221,f
46,446,221,f
47,446,221,f
48,446,221,f
8,887,886,f
64,446,221,f
66,446,221,f
7,447,223,f
1,447,223,f
8,447,223,f
6,447,223,f
4,447,223,f
5,447,223,f
24,447,223,f
23,447,223,f
25,447,223,f
2,447,223,f
3,447,223,f
21,447,223,f
22,447,223,f
9,447,223,f
25,887,886,f
9,887,886,f
1,887,886,f
12,447,223,f
13,447,223,f
14,447,223,f
31,903,902,f
15,447,223,f
42,544,43,f
16,447,223,f
25,820,819,f
7,887,886,f
5,887,886,f
24,770,769,f
4,770,769,f
4,720,719,f
35,903,902,f
35,643,642,f
21,720,719,f
8,720,719,f
23,720,719,f
22,485,43,f
6,485,43,f
12,485,43,f
13,485,43,f
34,485,43,f
7,454,235,f
1,454,235,f
8,454,235,f
6,454,235,f
4,454,235,f
5,454,235,f
24,454,235,f
25,454,235,f
2,454,235,f
3,454,235,f
21,454,235,f
22,454,235,f
9,454,235,f
7,857,856,f
16,825,824,f
15,825,824,f
12,444,219,f
13,444,219,f
14,444,219,f
15,444,219,f
16,444,219,f
12,454,235,f
13,454,235,f
14,454,235,f
15,454,235,f
16,454,235,f
12,458,241,f
13,458,241,f
14,458,241,f
15,458,241,f
16,458,241,f
32,463,247,f
33,463,247,f
35,463,247,f
7,460,244,f
1,460,244,f
8,460,244,f
6,460,244,f
4,460,244,f
5,460,244,f
24,460,244,f
23,460,244,f
25,460,244,f
2,460,244,f
3,460,244,f
21,460,244,f
22,460,244,f
9,460,244,f
54,463,247,f
53,463,247,f
62,463,247,f
52,463,247,f
42,463,247,f
43,463,247,f
50,463,247,f
55,463,247,f
46,463,247,f
47,463,247,f
48,463,247,f
44,463,247,f
5,857,856,f
64,463,247,f
66,463,247,f
1,484,483,f
23,484,483,f
54,462,246,f
53,462,246,f
62,462,246,f
52,462,246,f
42,462,246,f
43,462,246,f
50,462,246,f
55,462,246,f
46,462,246,f
47,462,246,f
48,462,246,f
44,462,246,f
64,462,246,f
66,462,246,f
24,748,747,f
44,544,43,f
24,797,796,f
3,797,796,f
6,797,796,f
7,720,719,f
12,463,247,f
13,463,247,f
14,463,247,f
15,463,247,f
16,463,247,f
1,690,689,t
54,374,121,f
53,374,121,f
42,374,121,f
43,374,121,f
52,374,121,f
50,374,121,f
46,374,121,f
47,374,121,f
48,374,121,f
44,374,121,f
22,690,689,t
55,374,121,f
7,690,689,t
7,466,251,f
1,466,251,f
8,466,251,f
6,466,251,f
4,466,251,f
5,466,251,f
24,466,251,f
23,466,251,f
25,466,251,f
2,466,251,f
3,466,251,f
21,466,251,f
22,466,251,f
9,466,251,f
24,690,689,t
12,466,251,f
13,466,251,f
14,466,251,f
15,466,251,f
5,690,689,t
16,466,251,f
25,690,689,t
16,839,838,f
32,466,251,f
33,466,251,f
35,466,251,f
7,468,253,f
1,468,253,f
8,468,253,f
6,468,253,f
4,468,253,f
5,468,253,f
24,468,253,f
23,468,253,f
25,468,253,f
2,468,253,f
3,468,253,f
21,468,253,f
22,468,253,f
9,468,253,f
6,887,886,f
23,887,886,f
8,770,769,f
12,468,253,f
13,468,253,f
14,468,253,f
15,468,253,f
5,770,769,f
16,468,253,f
54,468,253,f
53,468,253,f
62,468,253,f
52,468,253,f
42,468,253,f
43,468,253,f
50,468,253,f
64,468,253,f
66,468,253,f
55,468,253,f
46,468,253,f
47,468,253,f
48,468,253,f
44,468,253,f
1,857,856,f
32,468,253,f
33,468,253,f
35,468,253,f
22,489,287,f
12,469,255,f
13,469,255,f
14,469,255,f
15,469,255,f
16,469,255,f
12,470,256,f
13,470,256,f
14,470,256,f
15,470,256,f
16,470,256,f
62,544,43,f
7,469,255,f
1,469,255,f
8,469,255,f
6,469,255,f
4,469,255,f
5,469,255,f
24,469,255,f
23,469,255,f
25,469,255,f
2,469,255,f
3,469,255,f
21,469,255,f
22,469,255,f
9,469,255,f
7,470,256,f
1,470,256,f
8,470,256,f
6,470,256,f
4,470,256,f
5,470,256,f
24,470,256,f
23,470,256,f
25,470,256,f
2,470,256,f
3,470,256,f
21,470,256,f
22,470,256,f
9,470,256,f
7,484,483,f
7,471,264,f
1,471,264,f
8,471,264,f
6,471,264,f
4,471,264,f
5,471,264,f
24,471,264,f
23,471,264,f
25,471,264,f
2,471,264,f
3,471,264,f
21,471,264,f
22,471,264,f
9,471,264,f
5,484,483,f
32,423,187,f
33,423,187,f
35,423,187,f
21,797,796,f
22,720,719,f
54,423,187,f
53,423,187,f
62,423,187,f
52,423,187,f
42,423,187,f
43,423,187,f
50,423,187,f
64,423,187,f
66,423,187,f
55,423,187,f
46,423,187,f
47,423,187,f
48,423,187,f
44,423,187,f
3,748,747,f
35,472,266,f
31,472,266,f
54,472,266,f
53,472,266,f
62,472,266,f
52,472,266,f
42,472,266,f
43,472,266,f
50,472,266,f
64,472,266,f
66,472,266,f
55,472,266,f
46,472,266,f
47,472,266,f
48,472,266,f
44,472,266,f
8,748,747,f
9,820,819,f
12,476,278,f
13,476,278,f
14,476,278,f
15,476,278,f
16,476,278,f
9,797,796,f
7,477,279,f
1,477,279,f
8,477,279,f
6,477,279,f
4,477,279,f
5,477,279,f
24,477,279,f
23,477,279,f
25,477,279,f
2,477,279,f
3,477,279,f
21,477,279,f
22,477,279,f
9,477,279,f
7,478,281,f
1,478,281,f
8,478,281,f
6,478,281,f
4,478,281,f
5,478,281,f
24,478,281,f
23,478,281,f
25,478,281,f
2,478,281,f
7,485,43,f
23,485,43,f
5,485,43,f
16,485,43,f
32,485,43,f
4,690,689,t
3,478,281,f
21,478,281,f
22,478,281,f
9,478,281,f
24,484,483,f
7,479,282,f
1,479,282,f
8,479,282,f
6,479,282,f
4,479,282,f
5,479,282,f
24,479,282,f
23,479,282,f
25,479,282,f
2,479,282,f
3,479,282,f
21,479,282,f
22,479,282,f
9,479,282,f
12,477,279,f
13,477,279,f
14,477,279,f
15,477,279,f
16,477,279,f
12,460,244,f
13,460,244,f
14,460,244,f
15,460,244,f
16,460,244,f
24,709,708,f
9,709,708,f
4,889,888,f
24,889,888,f
2,889,888,f
22,709,708,f
1,709,708,f
33,857,856,f
21,889,888,f
8,889,888,f
3,889,888,f
13,374,121,f
12,374,121,f
21,596,595,f
25,484,483,f
7,596,595,f
5,596,595,f
23,596,595,f
1,820,819,f
6,770,769,f
2,489,287,f
4,709,708,f
3,709,708,f
25,709,708,f
4,748,747,f
25,748,747,f
6,748,747,f
22,797,796,f
1,797,796,f
8,484,483,f
5,709,708,f
2,709,708,f
1,596,595,f
3,596,595,f
2,596,595,f
4,596,595,f
6,709,708,f
21,485,43,f
24,596,595,f
6,596,595,f
25,596,595,f
1,485,43,f
5,795,794,f
2,795,794,f
22,795,794,f
22,596,595,f
9,596,595,f
7,795,794,f
8,795,794,f
6,795,794,f
23,795,794,f
4,484,483,f
7,709,708,f
21,709,708,f
23,709,708,f
15,485,43,f
4,795,794,f
24,795,794,f
3,795,794,f
21,795,794,f
8,709,708,f
25,795,794,f
9,795,794,f
1,795,794,f
14,825,824,f
8,596,595,f
1,544,43,f
7,544,43,f
52,544,43,f
53,544,43,f
43,544,43,f
9,374,121,f
16,374,121,f
15,374,121,f
3,544,43,f
22,544,43,f
25,544,43,f
54,544,43,f
16,571,570,f
15,610,609,f
2,544,43,f
14,610,609,f
16,610,609,f
21,544,43,f
14,839,838,f
6,544,43,f
16,544,43,f
31,544,43,f
13,544,43,f
55,544,43,f
34,544,43,f
12,544,43,f
1,583,582,f
2,583,582,f
5,544,43,f
15,544,43,f
50,544,43,f
13,610,609,f
14,571,570,f
32,857,856,f
48,603,43,f
54,603,43,f
42,603,43,f
14,374,121,f
24,544,43,f
8,544,43,f
14,544,43,f
66,544,43,f
22,889,888,f
21,489,287,f
21,748,747,f
7,748,747,f
1,748,747,f
24,311,43,f
2,311,43,f
25,311,43,f
44,311,43,f
46,311,43,f
43,311,43,f
48,311,43,f
47,311,43,f
53,311,43,f
7,797,796,f
54,311,43,f
25,797,796,f
12,610,609,f
13,571,570,f
64,311,43,f
42,311,43,f
52,311,43,f
62,311,43,f
50,311,43,f
55,311,43,f
66,311,43,f
45,311,43,f
3,484,483,f
6,484,483,f
22,484,483,f
21,484,483,f
2,484,483,f
9,484,483,f
14,487,275,f
12,487,275,f
15,487,275,f
13,487,275,f
16,487,275,f
14,491,274,f
12,491,274,f
15,491,274,f
13,491,274,f
16,491,274,f
9,495,43,f
22,495,43,f
8,495,43,f
12,494,283,f
13,494,283,f
14,494,283,f
15,494,283,f
16,494,283,f
2,495,43,f
21,495,43,f
6,495,43,f
23,495,43,f
14,495,43,f
7,495,43,f
4,495,43,f
3,495,43,f
13,495,43,f
16,495,43,f
5,495,43,f
15,495,43,f
12,495,43,f
25,495,43,f
4,544,43,f
46,544,43,f
46,495,43,f
13,552,551,f
12,552,551,f
1,495,43,f
62,495,43,f
32,311,43,f
25,497,496,f
13,825,824,f
22,497,496,f
64,495,43,f
32,495,43,f
34,495,43,f
24,495,43,f
31,495,43,f
64,544,43,f
42,495,43,f
53,495,43,f
52,495,43,f
47,544,43,f
35,495,43,f
15,571,570,f
12,571,570,f
54,495,43,f
43,495,43,f
48,495,43,f
33,495,43,f
44,495,43,f
50,495,43,f
45,495,43,f
55,495,43,f
66,495,43,f
47,495,43,f
12,839,838,f
13,839,838,f
22,583,582,f
21,583,582,f
24,583,582,f
8,583,582,f
23,583,582,f
3,583,582,f
7,583,582,f
4,583,582,f
5,583,582,f
35,857,856,f
50,485,43,f
62,485,43,f
52,603,43,f
53,603,43,f
4,311,43,f
22,311,43,f
8,311,43,f
1,311,43,f
12,311,43,f
33,311,43,f
48,700,699,f
43,700,699,f
62,700,699,f
35,841,840,f
33,841,840,f
15,839,838,f
7,889,888,f
25,889,888,f
9,889,888,f
22,748,747,f
23,748,747,f
5,748,747,f
23,797,796,f
5,797,796,f
5,889,888,f
3,489,287,f
1,489,287,f
34,857,856,f
48,485,43,f
52,485,43,f
55,485,43,f
43,485,43,f
44,485,43,f
64,603,43,f
66,603,43,f
120,603,43,f
21,311,43,f
7,311,43,f
23,311,43,f
5,311,43,f
14,311,43,f
31,311,43,f
32,805,804,f
42,700,699,f
52,700,699,f
31,841,840,f
34,841,840,f
66,700,699,f
24,823,822,f
6,823,822,f
9,823,822,f
6,889,888,f
23,889,888,f
1,889,888,f
7,489,287,f
31,857,856,f
4,861,860,f
64,485,43,f
42,485,43,f
46,603,43,f
50,603,43,f
62,603,43,f
3,311,43,f
9,311,43,f
15,311,43,f
34,311,43,f
47,700,699,f
24,861,860,f
2,861,860,f
32,841,840,f
4,855,854,f
24,855,854,f
2,855,854,f
3,855,854,f
21,855,854,f
22,855,854,f
7,855,854,f
23,855,854,f
1,855,854,f
22,861,860,f
8,861,860,f
6,861,860,f
2,823,822,f
21,823,822,f
4,891,890,f
2,891,890,f
22,891,890,f
25,891,890,f
4,904,894,f
2,904,894,f
22,904,894,f
6,904,894,f
25,904,894,f
5,904,894,f
48,859,858,f
46,485,43,f
53,485,43,f
45,485,43,f
66,485,43,f
47,603,43,f
55,603,43,f
43,603,43,f
6,311,43,f
16,311,43,f
13,311,43,f
46,700,699,f
55,700,699,f
120,700,699,f
8,690,689,t
23,690,689,t
74,690,689,t
112,690,689,t
111,690,689,t
110,690,689,t
109,690,689,t
108,690,689,t
104,690,689,t
103,690,689,t
102,690,689,t
101,690,689,t
107,690,689,t
106,690,689,t
105,690,689,t
105,765,689,t
8,855,854,f
6,855,854,f
9,855,854,f
5,855,854,f
64,859,858,f
54,859,858,f
55,859,858,f
47,859,858,f
52,859,858,f
21,861,860,f
9,861,860,f
7,823,822,f
22,823,822,f
25,823,822,f
1,823,822,f
24,891,890,f
7,891,890,f
6,891,890,f
24,904,894,f
3,904,894,f
7,904,894,f
1,904,894,f
47,485,43,f
44,603,43,f
45,603,43,f
120,311,43,f
35,311,43,f
53,859,858,f
35,845,844,f
31,845,844,f
32,845,844,f
25,855,854,f
62,859,858,f
120,859,858,f
7,861,860,f
25,861,860,f
5,861,860,f
3,823,822,f
23,823,822,f
5,823,822,f
3,891,890,f
21,891,890,f
23,891,890,f
5,891,890,f
21,904,894,f
23,904,894,f
120,485,43,f
33,845,844,f
46,859,858,f
50,859,858,f
66,859,858,f
35,805,804,f
8,823,822,f
8,891,890,f
1,891,890,f
8,904,894,f
9,904,894,f
3,861,860,f
23,861,860,f
21,666,665,f
5,666,665,f
25,666,665,f
6,666,665,f
2,666,665,f
1,666,665,f
24,666,665,f
22,666,665,f
7,666,665,f
9,666,665,f
3,666,665,f
4,666,665,f
8,666,665,f
23,666,665,f
75,694,693,f
98,694,693,f
100,694,693,f
99,694,693,f
76,694,693,f
74,694,693,f
112,694,693,f
111,694,693,f
110,694,693,f
109,694,693,f
108,694,693,f
104,694,693,f
103,694,693,f
102,694,693,f
101,694,693,f
107,694,693,f
106,694,693,f
105,694,693,f
75,668,667,f
98,668,667,f
100,668,667,f
99,668,667,f
76,668,667,f
74,668,667,f
112,668,667,f
111,668,667,f
110,668,667,f
109,668,667,f
108,668,667,f
104,668,667,f
103,668,667,f
102,668,667,f
101,668,667,f
107,668,667,f
106,668,667,f
105,668,667,f
75,312,44,f
98,312,44,f
100,312,44,f
99,312,44,f
76,312,44,f
74,312,44,f
112,312,44,f
111,312,44,f
110,312,44,f
109,312,44,f
108,312,44,f
104,312,44,f
103,312,44,f
102,312,44,f
101,312,44,f
107,312,44,f
106,312,44,f
105,312,44,f
75,674,673,f
98,674,673,f
100,674,673,f
99,674,673,f
76,674,673,f
74,674,673,f
112,674,673,f
111,674,673,f
110,674,673,f
109,674,673,f
108,674,673,f
104,674,673,f
103,674,673,f
102,674,673,f
101,674,673,f
107,674,673,f
106,674,673,f
105,674,673,f
117,342,78,f
116,342,78,f
115,342,78,f
114,342,78,f
113,342,78,f
92,342,78,f
91,342,78,f
90,342,78,f
89,342,78,f
88,342,78,f
87,342,78,f
86,342,78,f
75,377,125,f
98,377,125,f
100,377,125,f
99,377,125,f
76,377,125,f
74,377,125,f
112,377,125,f
111,377,125,f
110,377,125,f
109,377,125,f
108,377,125,f
104,377,125,f
103,377,125,f
102,377,125,f
101,377,125,f
107,377,125,f
106,377,125,f
105,377,125,f
75,395,150,f
98,395,150,f
100,395,150,f
99,395,150,f
76,395,150,f
74,395,150,f
112,395,150,f
111,395,150,f
110,395,150,f
109,395,150,f
108,395,150,f
104,395,150,f
103,395,150,f
102,395,150,f
101,395,150,f
107,395,150,f
106,395,150,f
105,395,150,f
50,700,699,f
6,583,582,f
9,583,582,f
25,583,582,f
9,891,890,f
4,489,287,f
42,859,858,f
33,805,804,f
24,866,865,f
4,866,865,f
3,866,865,f
1,861,860,f
75,666,665,f
98,666,665,f
100,666,665,f
21,866,865,f
22,866,865,f
12,489,287,f
13,489,287,f
85,728,727,f
84,728,727,f
83,728,727,f
82,728,727,f
81,728,727,f
80,728,727,f
79,728,727,f
78,728,727,f
77,728,727,f
75,424,189,f
98,424,189,f
100,424,189,f
99,424,189,f
76,424,189,f
74,424,189,f
112,424,189,f
111,424,189,f
110,424,189,f
109,424,189,f
108,424,189,f
104,424,189,f
103,424,189,f
102,424,189,f
101,424,189,f
107,424,189,f
106,424,189,f
105,424,189,f
75,445,220,f
98,445,220,f
100,445,220,f
99,445,220,f
76,445,220,f
74,445,220,f
112,445,220,f
111,445,220,f
110,445,220,f
109,445,220,f
108,445,220,f
104,445,220,f
103,445,220,f
102,445,220,f
101,445,220,f
107,445,220,f
106,445,220,f
105,445,220,f
75,447,223,f
98,447,223,f
100,447,223,f
99,447,223,f
76,447,223,f
74,447,223,f
112,447,223,f
111,447,223,f
110,447,223,f
109,447,223,f
108,447,223,f
104,447,223,f
103,447,223,f
102,447,223,f
101,447,223,f
107,447,223,f
106,447,223,f
105,447,223,f
75,448,224,f
98,448,224,f
100,448,224,f
99,448,224,f
76,448,224,f
74,448,224,f
112,448,224,f
111,448,224,f
110,448,224,f
109,448,224,f
108,448,224,f
104,448,224,f
103,448,224,f
102,448,224,f
101,448,224,f
107,448,224,f
106,448,224,f
105,448,224,f
75,451,229,f
98,451,229,f
100,451,229,f
99,451,229,f
76,451,229,f
74,451,229,f
112,451,229,f
111,451,229,f
110,451,229,f
109,451,229,f
108,451,229,f
104,451,229,f
103,451,229,f
102,451,229,f
101,451,229,f
107,451,229,f
106,451,229,f
105,451,229,f
85,412,172,f
84,412,172,f
83,412,172,f
82,412,172,f
81,412,172,f
80,412,172,f
79,412,172,f
78,412,172,f
77,412,172,f
97,463,247,f
96,463,247,f
95,463,247,f
94,463,247,f
93,463,247,f
117,465,250,f
116,465,250,f
115,465,250,f
114,465,250,f
113,465,250,f
92,465,250,f
91,465,250,f
90,465,250,f
89,465,250,f
88,465,250,f
87,465,250,f
86,465,250,f
75,466,251,f
98,466,251,f
100,466,251,f
99,466,251,f
76,466,251,f
74,466,251,f
112,466,251,f
111,466,251,f
110,466,251,f
109,466,251,f
108,466,251,f
104,466,251,f
103,466,251,f
102,466,251,f
101,466,251,f
107,466,251,f
106,466,251,f
105,466,251,f
97,707,706,f
96,707,706,f
95,707,706,f
94,707,706,f
93,707,706,f
97,474,272,f
96,474,272,f
95,474,272,f
94,474,272,f
93,474,272,f
85,573,572,f
84,573,572,f
83,573,572,f
82,573,572,f
81,573,572,f
80,573,572,f
79,573,572,f
78,573,572,f
77,573,572,f
85,418,179,f
84,418,179,f
83,418,179,f
82,418,179,f
81,418,179,f
80,418,179,f
79,418,179,f
78,418,179,f
77,418,179,f
75,709,708,f
98,709,708,f
100,709,708,f
99,709,708,f
76,709,708,f
74,709,708,f
112,709,708,f
111,709,708,f
110,709,708,f
109,709,708,f
108,709,708,f
104,709,708,f
103,709,708,f
102,709,708,f
101,709,708,f
107,709,708,f
106,709,708,f
105,709,708,f
75,479,282,f
98,479,282,f
100,479,282,f
99,479,282,f
76,479,282,f
74,479,282,f
112,479,282,f
111,479,282,f
110,479,282,f
109,479,282,f
108,479,282,f
104,479,282,f
103,479,282,f
102,479,282,f
101,479,282,f
107,479,282,f
106,479,282,f
105,479,282,f
97,480,290,f
96,480,290,f
95,480,290,f
94,480,290,f
93,480,290,f
75,679,678,f
98,679,678,f
100,679,678,f
99,679,678,f
76,679,678,f
74,679,678,f
112,679,678,f
111,679,678,f
110,679,678,f
109,679,678,f
108,679,678,f
104,679,678,f
103,679,678,f
102,679,678,f
101,679,678,f
107,679,678,f
106,679,678,f
105,679,678,f
85,677,676,f
84,677,676,f
83,677,676,f
82,677,676,f
81,677,676,f
80,677,676,f
79,677,676,f
78,677,676,f
77,677,676,f
75,484,483,f
98,484,483,f
100,484,483,f
99,484,483,f
76,484,483,f
74,484,483,f
112,484,483,f
111,484,483,f
110,484,483,f
109,484,483,f
108,484,483,f
104,484,483,f
103,484,483,f
102,484,483,f
101,484,483,f
107,484,483,f
106,484,483,f
105,484,483,f
43,859,858,f
44,859,858,f
16,893,892,f
34,805,804,f
2,866,865,f
7,866,865,f
8,866,865,f
1,866,865,f
12,893,892,f
14,893,892,f
13,893,892,f
24,489,287,f
75,583,582,f
98,583,582,f
100,583,582,f
99,583,582,f
76,583,582,f
74,583,582,f
112,583,582,f
111,583,582,f
110,583,582,f
109,583,582,f
108,583,582,f
104,583,582,f
103,583,582,f
102,583,582,f
101,583,582,f
107,583,582,f
106,583,582,f
105,583,582,f
85,490,291,f
84,490,291,f
83,490,291,f
82,490,291,f
81,490,291,f
80,490,291,f
79,490,291,f
78,490,291,f
77,490,291,f
85,491,274,f
84,491,274,f
83,491,274,f
82,491,274,f
81,491,274,f
80,491,274,f
79,491,274,f
78,491,274,f
75,690,689,t
98,690,689,t
100,690,689,t
99,690,689,t
76,690,689,t
15,893,892,f
77,491,274,f
75,493,492,f
98,493,492,f
100,493,492,f
99,493,492,f
76,493,492,f
74,493,492,f
112,493,492,f
111,493,492,f
110,493,492,f
109,493,492,f
108,493,492,f
104,493,492,f
103,493,492,f
102,493,492,f
101,493,492,f
107,493,492,f
106,493,492,f
105,493,492,f
85,552,551,f
84,552,551,f
83,552,551,f
82,552,551,f
81,552,551,f
80,552,551,f
79,552,551,f
78,552,551,f
77,552,551,f
75,649,648,f
98,649,648,f
100,649,648,f
99,649,648,f
76,649,648,f
74,649,648,f
112,649,648,f
111,649,648,f
110,649,648,f
109,649,648,f
108,649,648,f
104,649,648,f
103,649,648,f
102,649,648,f
101,649,648,f
107,649,648,f
106,649,648,f
105,649,648,f
85,497,496,f
84,497,496,f
83,497,496,f
82,497,496,f
81,497,496,f
80,497,496,f
79,497,496,f
78,497,496,f
77,497,496,f
97,499,498,f
96,499,498,f
95,499,498,f
94,499,498,f
93,499,498,f
75,477,279,f
98,477,279,f
100,477,279,f
99,477,279,f
76,477,279,f
74,477,279,f
112,477,279,f
111,477,279,f
110,477,279,f
109,477,279,f
108,477,279,f
104,477,279,f
103,477,279,f
102,477,279,f
101,477,279,f
107,477,279,f
106,477,279,f
105,477,279,f
75,503,502,f
98,503,502,f
100,503,502,f
99,503,502,f
76,503,502,f
74,503,502,f
112,503,502,f
111,503,502,f
110,503,502,f
109,503,502,f
108,503,502,f
104,503,502,f
103,503,502,f
102,503,502,f
101,503,502,f
107,503,502,f
106,503,502,f
105,503,502,f
75,505,504,f
98,505,504,f
100,505,504,f
99,505,504,f
76,505,504,f
74,505,504,f
112,505,504,f
111,505,504,f
110,505,504,f
109,505,504,f
108,505,504,f
104,505,504,f
103,505,504,f
102,505,504,f
101,505,504,f
107,505,504,f
106,505,504,f
105,505,504,f
16,489,287,f
14,489,287,f
75,507,242,f
98,507,242,f
100,507,242,f
99,507,242,f
76,507,242,f
74,507,242,f
112,507,242,f
111,507,242,f
110,507,242,f
109,507,242,f
108,507,242,f
104,507,242,f
103,507,242,f
102,507,242,f
101,507,242,f
107,507,242,f
106,507,242,f
105,507,242,f
75,508,242,f
98,508,242,f
100,508,242,f
99,508,242,f
76,508,242,f
74,508,242,f
112,508,242,f
111,508,242,f
110,508,242,f
109,508,242,f
108,508,242,f
104,508,242,f
103,508,242,f
102,508,242,f
101,508,242,f
107,508,242,f
106,508,242,f
105,508,242,f
97,509,269,f
96,509,269,f
95,509,269,f
94,509,269,f
93,509,269,f
117,512,78,f
116,512,78,f
115,512,78,f
114,512,78,f
113,512,78,f
92,512,78,f
91,512,78,f
90,512,78,f
89,512,78,f
88,512,78,f
87,512,78,f
24,895,894,f
15,489,287,f
86,512,78,f
85,515,514,f
84,515,514,f
83,515,514,f
82,515,514,f
81,515,514,f
80,515,514,f
79,515,514,f
78,515,514,f
77,515,514,f
75,517,516,f
98,517,516,f
100,517,516,f
99,517,516,f
76,517,516,f
74,517,516,f
112,517,516,f
111,517,516,f
110,517,516,f
109,517,516,f
108,517,516,f
104,517,516,f
103,517,516,f
102,517,516,f
101,517,516,f
107,517,516,f
106,517,516,f
105,517,516,f
75,501,500,f
98,501,500,f
100,501,500,f
99,501,500,f
76,501,500,f
74,501,500,f
112,501,500,f
111,501,500,f
110,501,500,f
109,501,500,f
108,501,500,f
104,501,500,f
103,501,500,f
102,501,500,f
101,501,500,f
107,501,500,f
106,501,500,f
105,501,500,f
75,518,500,f
98,518,500,f
100,518,500,f
99,518,500,f
76,518,500,f
74,518,500,f
112,518,500,f
111,518,500,f
110,518,500,f
109,518,500,f
108,518,500,f
104,518,500,f
103,518,500,f
102,518,500,f
101,518,500,f
107,518,500,f
106,518,500,f
105,518,500,f
75,527,526,f
98,527,526,f
100,527,526,f
99,527,526,f
76,527,526,f
74,527,526,f
112,527,526,f
111,527,526,f
110,527,526,f
109,527,526,f
108,527,526,f
104,527,526,f
103,527,526,f
102,527,526,f
101,527,526,f
107,527,526,f
106,527,526,f
105,527,526,f
75,529,528,f
98,529,528,f
100,529,528,f
99,529,528,f
76,529,528,f
74,529,528,f
112,529,528,f
111,529,528,f
110,529,528,f
109,529,528,f
108,529,528,f
104,529,528,f
103,529,528,f
102,529,528,f
101,529,528,f
107,529,528,f
106,529,528,f
105,529,528,f
85,481,292,f
84,481,292,f
83,481,292,f
82,481,292,f
81,481,292,f
80,481,292,f
79,481,292,f
78,481,292,f
77,481,292,f
85,488,294,f
84,488,294,f
83,488,294,f
82,488,294,f
81,488,294,f
80,488,294,f
79,488,294,f
78,488,294,f
77,488,294,f
4,895,894,f
75,537,536,f
98,537,536,f
100,537,536,f
99,537,536,f
76,537,536,f
74,537,536,f
112,537,536,f
111,537,536,f
110,537,536,f
109,537,536,f
108,537,536,f
104,537,536,f
103,537,536,f
102,537,536,f
101,537,536,f
107,537,536,f
106,537,536,f
105,537,536,f
75,746,745,f
98,746,745,f
100,746,745,f
99,746,745,f
76,746,745,f
74,746,745,f
112,746,745,f
111,746,745,f
110,746,745,f
109,746,745,f
108,746,745,f
104,746,745,f
103,746,745,f
102,746,745,f
101,746,745,f
107,746,745,f
106,746,745,f
105,746,745,f
75,759,758,f
98,759,758,f
100,759,758,f
99,759,758,f
76,759,758,f
74,759,758,f
112,759,758,f
111,759,758,f
110,759,758,f
109,759,758,f
108,759,758,f
104,759,758,f
103,759,758,f
102,759,758,f
101,759,758,f
107,759,758,f
106,759,758,f
105,759,758,f
75,543,542,f
98,543,542,f
100,543,542,f
99,543,542,f
76,543,542,f
74,543,542,f
112,543,542,f
111,543,542,f
110,543,542,f
109,543,542,f
108,543,542,f
104,543,542,f
103,543,542,f
102,543,542,f
101,543,542,f
107,543,542,f
106,543,542,f
105,543,542,f
45,859,858,f
25,866,865,f
9,866,865,f
85,764,763,f
84,764,763,f
83,764,763,f
82,764,763,f
81,764,763,f
80,764,763,f
79,764,763,f
78,764,763,f
77,764,763,f
75,550,549,f
98,550,549,f
100,550,549,f
99,550,549,f
76,550,549,f
74,550,549,f
112,550,549,f
111,550,549,f
110,550,549,f
109,550,549,f
108,550,549,f
104,550,549,f
103,550,549,f
102,550,549,f
101,550,549,f
107,550,549,f
106,550,549,f
105,550,549,f
75,554,553,f
98,554,553,f
100,554,553,f
99,554,553,f
76,554,553,f
74,554,553,f
112,554,553,f
111,554,553,f
110,554,553,f
109,554,553,f
108,554,553,f
104,554,553,f
103,554,553,f
102,554,553,f
101,554,553,f
107,554,553,f
106,554,553,f
105,554,553,f
75,587,586,f
98,587,586,f
100,587,586,f
99,587,586,f
76,587,586,f
74,587,586,f
112,587,586,f
111,587,586,f
110,587,586,f
109,587,586,f
108,587,586,f
104,587,586,f
103,587,586,f
102,587,586,f
101,587,586,f
107,587,586,f
106,587,586,f
105,587,586,f
85,548,547,f
84,548,547,f
83,548,547,f
82,548,547,f
75,765,689,t
98,765,689,t
100,765,689,t
99,765,689,t
76,765,689,t
74,765,689,t
112,765,689,t
111,765,689,t
110,765,689,t
109,765,689,t
108,765,689,t
104,765,689,t
103,765,689,t
102,765,689,t
101,765,689,t
107,765,689,t
106,765,689,t
81,548,547,f
80,548,547,f
79,548,547,f
78,548,547,f
77,548,547,f
75,766,586,f
98,766,586,f
100,766,586,f
99,766,586,f
76,766,586,f
74,766,586,f
112,766,586,f
111,766,586,f
110,766,586,f
109,766,586,f
108,766,586,f
104,766,586,f
103,766,586,f
102,766,586,f
101,766,586,f
107,766,586,f
106,766,586,f
105,766,586,f
75,569,568,f
98,569,568,f
100,569,568,f
99,569,568,f
76,569,568,f
74,569,568,f
112,569,568,f
111,569,568,f
110,569,568,f
109,569,568,f
108,569,568,f
104,569,568,f
103,569,568,f
102,569,568,f
101,569,568,f
107,569,568,f
106,569,568,f
105,569,568,f
85,575,574,f
84,575,574,f
83,575,574,f
82,575,574,f
81,575,574,f
80,575,574,f
79,575,574,f
78,575,574,f
77,575,574,f
75,567,566,f
98,567,566,f
100,567,566,f
99,567,566,f
76,567,566,f
74,567,566,f
112,567,566,f
111,567,566,f
110,567,566,f
109,567,566,f
108,567,566,f
104,567,566,f
103,567,566,f
102,567,566,f
101,567,566,f
107,567,566,f
106,567,566,f
105,567,566,f
75,581,580,f
98,581,580,f
100,581,580,f
99,581,580,f
76,581,580,f
74,581,580,f
112,581,580,f
111,581,580,f
110,581,580,f
109,581,580,f
108,581,580,f
104,581,580,f
103,581,580,f
102,581,580,f
101,581,580,f
107,581,580,f
106,581,580,f
105,581,580,f
97,589,588,f
96,589,588,f
95,589,588,f
94,589,588,f
93,589,588,f
75,591,590,f
98,591,590,f
100,591,590,f
99,591,590,f
76,591,590,f
74,591,590,f
112,591,590,f
111,591,590,f
110,591,590,f
109,591,590,f
108,591,590,f
104,591,590,f
103,591,590,f
102,591,590,f
101,591,590,f
107,591,590,f
106,591,590,f
105,591,590,f
75,593,592,f
98,593,592,f
100,593,592,f
99,593,592,f
76,593,592,f
74,593,592,f
112,593,592,f
111,593,592,f
110,593,592,f
109,593,592,f
108,593,592,f
104,593,592,f
103,593,592,f
102,593,592,f
101,593,592,f
107,593,592,f
106,593,592,f
105,593,592,f
85,594,574,f
84,594,574,f
83,594,574,f
82,594,574,f
81,594,574,f
80,594,574,f
79,594,574,f
78,594,574,f
77,594,574,f
75,598,597,f
98,598,597,f
100,598,597,f
99,598,597,f
76,598,597,f
74,598,597,f
112,598,597,f
111,598,597,f
110,598,597,f
109,598,597,f
108,598,597,f
104,598,597,f
103,598,597,f
102,598,597,f
101,598,597,f
107,598,597,f
106,598,597,f
105,598,597,f
75,600,599,f
98,600,599,f
100,600,599,f
99,600,599,f
76,600,599,f
74,600,599,f
112,600,599,f
111,600,599,f
110,600,599,f
109,600,599,f
108,600,599,f
104,600,599,f
103,600,599,f
102,600,599,f
101,600,599,f
107,600,599,f
106,600,599,f
105,600,599,f
75,607,606,f
98,607,606,f
100,607,606,f
99,607,606,f
76,607,606,f
74,607,606,f
112,607,606,f
111,607,606,f
110,607,606,f
109,607,606,f
108,607,606,f
104,607,606,f
103,607,606,f
102,607,606,f
101,607,606,f
107,607,606,f
106,607,606,f
105,607,606,f
75,608,606,f
98,608,606,f
100,608,606,f
99,608,606,f
76,608,606,f
74,608,606,f
112,608,606,f
111,608,606,f
110,608,606,f
109,608,606,f
108,608,606,f
104,608,606,f
103,608,606,f
102,608,606,f
101,608,606,f
107,608,606,f
106,608,606,f
105,608,606,f
117,618,167,f
116,618,167,f
115,618,167,f
114,618,167,f
113,618,167,f
92,618,167,f
91,618,167,f
90,618,167,f
89,618,167,f
88,618,167,f
87,618,167,f
86,618,167,f
85,524,523,f
84,524,523,f
83,524,523,f
82,524,523,f
81,524,523,f
80,524,523,f
79,524,523,f
78,524,523,f
77,524,523,f
97,622,621,f
96,622,621,f
95,622,621,f
94,622,621,f
93,622,621,f
85,637,519,f
84,637,519,f
83,637,519,f
82,637,519,f
81,637,519,f
80,637,519,f
79,637,519,f
78,637,519,f
77,637,519,f
75,620,619,f
98,620,619,f
100,620,619,f
99,620,619,f
76,620,619,f
74,620,619,f
112,620,619,f
111,620,619,f
110,620,619,f
109,620,619,f
108,620,619,f
104,620,619,f
103,620,619,f
102,620,619,f
101,620,619,f
107,620,619,f
106,620,619,f
105,620,619,f
85,520,519,f
84,520,519,f
83,520,519,f
82,520,519,f
81,520,519,f
80,520,519,f
79,520,519,f
78,520,519,f
77,520,519,f
75,664,663,f
98,664,663,f
100,664,663,f
99,664,663,f
76,664,663,f
74,664,663,f
112,664,663,f
111,664,663,f
110,664,663,f
109,664,663,f
108,664,663,f
104,664,663,f
103,664,663,f
102,664,663,f
101,664,663,f
107,664,663,f
106,664,663,f
105,664,663,f
75,671,670,f
98,671,670,f
100,671,670,f
99,671,670,f
76,671,670,f
74,671,670,f
112,671,670,f
111,671,670,f
110,671,670,f
109,671,670,f
108,671,670,f
104,671,670,f
103,671,670,f
102,671,670,f
101,671,670,f
107,671,670,f
106,671,670,f
105,671,670,f
85,705,640,f
84,705,640,f
83,705,640,f
82,705,640,f
81,705,640,f
80,705,640,f
79,705,640,f
78,705,640,f
77,705,640,f
75,711,710,f
98,711,710,f
100,711,710,f
99,711,710,f
76,711,710,f
74,711,710,f
112,711,710,f
111,711,710,f
110,711,710,f
109,711,710,f
108,711,710,f
104,711,710,f
103,711,710,f
102,711,710,f
101,711,710,f
107,711,710,f
106,711,710,f
105,711,710,f
85,713,712,f
84,713,712,f
83,713,712,f
82,713,712,f
81,713,712,f
80,713,712,f
79,713,712,f
78,713,712,f
77,713,712,f
117,628,167,f
116,628,167,f
115,628,167,f
114,628,167,f
113,628,167,f
92,628,167,f
91,628,167,f
90,628,167,f
89,628,167,f
88,628,167,f
87,628,167,f
86,628,167,f
85,738,737,f
84,738,737,f
83,738,737,f
82,738,737,f
81,738,737,f
80,738,737,f
79,738,737,f
78,738,737,f
77,738,737,f
75,739,273,f
98,739,273,f
100,739,273,f
99,739,273,f
76,739,273,f
74,739,273,f
112,739,273,f
111,739,273,f
110,739,273,f
109,739,273,f
108,739,273,f
104,739,273,f
103,739,273,f
102,739,273,f
101,739,273,f
107,739,273,f
106,739,273,f
105,739,273,f
75,539,538,f
98,539,538,f
100,539,538,f
99,539,538,f
76,539,538,f
74,539,538,f
112,539,538,f
111,539,538,f
110,539,538,f
109,539,538,f
108,539,538,f
104,539,538,f
103,539,538,f
102,539,538,f
101,539,538,f
107,539,538,f
106,539,538,f
105,539,538,f
2,895,894,f
8,895,894,f
6,866,865,f
3,895,894,f
7,895,894,f
1,895,894,f
75,720,719,f
98,720,719,f
100,720,719,f
99,720,719,f
76,720,719,f
74,720,719,f
112,720,719,f
111,720,719,f
110,720,719,f
109,720,719,f
108,720,719,f
104,720,719,f
103,720,719,f
102,720,719,f
101,720,719,f
107,720,719,f
106,720,719,f
105,720,719,f
75,684,683,f
98,684,683,f
100,684,683,f
99,684,683,f
76,684,683,f
74,684,683,f
112,684,683,f
111,684,683,f
110,684,683,f
109,684,683,f
108,684,683,f
104,684,683,f
103,684,683,f
102,684,683,f
101,684,683,f
107,684,683,f
106,684,683,f
105,684,683,f
75,564,563,f
98,564,563,f
100,564,563,f
99,564,563,f
76,564,563,f
74,564,563,f
112,564,563,f
111,564,563,f
110,564,563,f
109,564,563,f
108,564,563,f
104,564,563,f
103,564,563,f
102,564,563,f
101,564,563,f
107,564,563,f
106,564,563,f
105,564,563,f
75,722,721,f
98,722,721,f
100,722,721,f
99,722,721,f
76,722,721,f
74,722,721,f
112,722,721,f
111,722,721,f
110,722,721,f
109,722,721,f
108,722,721,f
104,722,721,f
103,722,721,f
102,722,721,f
101,722,721,f
107,722,721,f
106,722,721,f
105,722,721,f
97,682,642,f
96,682,642,f
95,682,642,f
94,682,642,f
93,682,642,f
75,475,273,f
98,475,273,f
100,475,273,f
99,475,273,f
76,475,273,f
74,475,273,f
112,475,273,f
111,475,273,f
110,475,273,f
109,475,273,f
108,475,273,f
104,475,273,f
103,475,273,f
102,475,273,f
101,475,273,f
107,475,273,f
106,475,273,f
105,475,273,f
21,895,894,f
75,636,635,f
98,636,635,f
100,636,635,f
99,636,635,f
76,636,635,f
74,636,635,f
112,636,635,f
111,636,635,f
110,636,635,f
109,636,635,f
108,636,635,f
104,636,635,f
103,636,635,f
102,636,635,f
101,636,635,f
107,636,635,f
106,636,635,f
105,636,635,f
75,624,623,f
98,624,623,f
100,624,623,f
99,624,623,f
76,624,623,f
74,624,623,f
112,624,623,f
111,624,623,f
110,624,623,f
109,624,623,f
108,624,623,f
104,624,623,f
103,624,623,f
102,624,623,f
101,624,623,f
107,624,623,f
106,624,623,f
105,624,623,f
75,718,717,f
98,718,717,f
100,718,717,f
99,718,717,f
76,718,717,f
74,718,717,f
112,718,717,f
111,718,717,f
110,718,717,f
109,718,717,f
108,718,717,f
104,718,717,f
103,718,717,f
102,718,717,f
101,718,717,f
107,718,717,f
106,718,717,f
105,718,717,f
75,626,625,f
98,626,625,f
100,626,625,f
99,626,625,f
76,626,625,f
74,626,625,f
112,626,625,f
111,626,625,f
110,626,625,f
109,626,625,f
108,626,625,f
104,626,625,f
103,626,625,f
102,626,625,f
101,626,625,f
107,626,625,f
106,626,625,f
105,626,625,f
75,596,595,f
98,596,595,f
100,596,595,f
99,596,595,f
76,596,595,f
74,596,595,f
112,596,595,f
111,596,595,f
110,596,595,f
109,596,595,f
108,596,595,f
104,596,595,f
103,596,595,f
102,596,595,f
101,596,595,f
107,596,595,f
106,596,595,f
105,596,595,f
75,704,703,f
98,704,703,f
100,704,703,f
99,704,703,f
76,704,703,f
74,704,703,f
112,704,703,f
111,704,703,f
110,704,703,f
109,704,703,f
108,704,703,f
104,704,703,f
103,704,703,f
102,704,703,f
101,704,703,f
107,704,703,f
106,704,703,f
105,704,703,f
75,602,601,f
98,602,601,f
100,602,601,f
99,602,601,f
76,602,601,f
74,602,601,f
112,602,601,f
111,602,601,f
110,602,601,f
109,602,601,f
108,602,601,f
104,602,601,f
103,602,601,f
102,602,601,f
101,602,601,f
107,602,601,f
106,602,601,f
105,602,601,f
75,541,540,f
98,541,540,f
100,541,540,f
99,541,540,f
76,541,540,f
74,541,540,f
112,541,540,f
111,541,540,f
110,541,540,f
109,541,540,f
108,541,540,f
104,541,540,f
103,541,540,f
102,541,540,f
101,541,540,f
107,541,540,f
106,541,540,f
105,541,540,f
97,681,680,f
96,681,680,f
95,681,680,f
94,681,680,f
93,681,680,f
85,732,731,f
84,732,731,f
83,732,731,f
82,732,731,f
81,732,731,f
80,732,731,f
79,732,731,f
78,732,731,f
77,732,731,f
85,404,164,f
84,404,164,f
83,404,164,f
82,404,164,f
81,404,164,f
80,404,164,f
79,404,164,f
78,404,164,f
77,404,164,f
85,726,725,f
84,726,725,f
83,726,725,f
82,726,725,f
81,726,725,f
80,726,725,f
79,726,725,f
78,726,725,f
77,726,725,f
75,614,613,f
98,614,613,f
100,614,613,f
99,614,613,f
76,614,613,f
74,614,613,f
112,614,613,f
111,614,613,f
110,614,613,f
109,614,613,f
108,614,613,f
104,614,613,f
103,614,613,f
102,614,613,f
101,614,613,f
107,614,613,f
106,614,613,f
105,614,613,f
117,407,167,f
116,407,167,f
115,407,167,f
114,407,167,f
113,407,167,f
92,407,167,f
91,407,167,f
90,407,167,f
89,407,167,f
88,407,167,f
87,407,167,f
86,407,167,f
22,895,894,f
23,895,894,f
23,866,865,f
5,866,865,f
85,487,275,f
84,487,275,f
83,487,275,f
82,487,275,f
81,487,275,f
80,487,275,f
79,487,275,f
78,487,275,f
77,487,275,f
75,533,532,f
98,533,532,f
100,533,532,f
99,533,532,f
76,533,532,f
74,533,532,f
112,533,532,f
111,533,532,f
110,533,532,f
109,533,532,f
108,533,532,f
104,533,532,f
103,533,532,f
102,533,532,f
101,533,532,f
107,533,532,f
106,533,532,f
105,533,532,f
75,651,650,f
98,651,650,f
100,651,650,f
99,651,650,f
76,651,650,f
74,651,650,f
112,651,650,f
111,651,650,f
110,651,650,f
109,651,650,f
108,651,650,f
104,651,650,f
103,651,650,f
102,651,650,f
101,651,650,f
107,651,650,f
106,651,650,f
105,651,650,f
75,698,697,f
98,698,697,f
100,698,697,f
99,698,697,f
76,698,697,f
74,698,697,f
112,698,697,f
111,698,697,f
110,698,697,f
109,698,697,f
108,698,697,f
104,698,697,f
103,698,697,f
102,698,697,f
101,698,697,f
107,698,697,f
106,698,697,f
105,698,697,f
85,730,712,f
84,730,712,f
83,730,712,f
82,730,712,f
81,730,712,f
80,730,712,f
79,730,712,f
78,730,712,f
77,730,712,f
75,579,578,f
98,579,578,f
100,579,578,f
99,579,578,f
76,579,578,f
74,579,578,f
112,579,578,f
111,579,578,f
110,579,578,f
109,579,578,f
108,579,578,f
104,579,578,f
103,579,578,f
102,579,578,f
101,579,578,f
107,579,578,f
106,579,578,f
105,579,578,f
75,639,638,f
98,639,638,f
100,639,638,f
99,639,638,f
76,639,638,f
74,639,638,f
112,639,638,f
111,639,638,f
110,639,638,f
109,639,638,f
108,639,638,f
104,639,638,f
103,639,638,f
102,639,638,f
101,639,638,f
107,639,638,f
106,639,638,f
105,639,638,f
75,585,584,f
98,585,584,f
100,585,584,f
99,585,584,f
76,585,584,f
74,585,584,f
112,585,584,f
111,585,584,f
110,585,584,f
109,585,584,f
108,585,584,f
104,585,584,f
103,585,584,f
102,585,584,f
101,585,584,f
107,585,584,f
106,585,584,f
105,585,584,f
85,641,640,f
84,641,640,f
83,641,640,f
82,641,640,f
81,641,640,f
80,641,640,f
79,641,640,f
78,641,640,f
77,641,640,f
75,768,767,f
98,768,767,f
100,768,767,f
99,768,767,f
76,768,767,f
74,768,767,f
112,768,767,f
111,768,767,f
110,768,767,f
109,768,767,f
108,768,767,f
104,768,767,f
103,768,767,f
102,768,767,f
101,768,767,f
107,768,767,f
106,768,767,f
105,768,767,f
85,751,750,f
84,751,750,f
83,751,750,f
82,751,750,f
81,751,750,f
80,751,750,f
79,751,750,f
78,751,750,f
77,751,750,f
75,754,753,f
98,754,753,f
100,754,753,f
99,754,753,f
76,754,753,f
74,754,753,f
112,754,753,f
111,754,753,f
110,754,753,f
109,754,753,f
108,754,753,f
104,754,753,f
103,754,753,f
102,754,753,f
101,754,753,f
107,754,753,f
106,754,753,f
105,754,753,f
6,895,894,f
9,895,894,f
5,895,894,f
75,770,769,f
98,770,769,f
100,770,769,f
99,770,769,f
76,770,769,f
74,770,769,f
112,770,769,f
111,770,769,f
110,770,769,f
109,770,769,f
108,770,769,f
104,770,769,f
103,770,769,f
102,770,769,f
101,770,769,f
97,546,545,f
96,546,545,f
95,546,545,f
94,546,545,f
93,546,545,f
117,617,168,f
116,617,168,f
115,617,168,f
114,617,168,f
113,617,168,f
92,617,168,f
91,617,168,f
90,617,168,f
89,617,168,f
88,617,168,f
87,617,168,f
86,617,168,f
117,615,168,f
116,615,168,f
115,615,168,f
114,615,168,f
113,615,168,f
92,615,168,f
91,615,168,f
90,615,168,f
89,615,168,f
88,615,168,f
87,615,168,f
86,615,168,f
117,408,168,f
116,408,168,f
115,408,168,f
114,408,168,f
113,408,168,f
92,408,168,f
91,408,168,f
90,408,168,f
89,408,168,f
88,408,168,f
87,408,168,f
86,408,168,f
117,616,168,f
116,616,168,f
115,616,168,f
114,616,168,f
113,616,168,f
92,616,168,f
91,616,168,f
90,616,168,f
89,616,168,f
88,616,168,f
87,616,168,f
86,616,168,f
107,770,769,f
106,770,769,f
105,770,769,f
85,773,287,f
84,773,287,f
83,773,287,f
82,773,287,f
81,773,287,f
80,773,287,f
79,773,287,f
78,773,287,f
77,773,287,f
48,876,875,f
64,876,875,f
47,876,875,f
46,876,875,f
53,876,875,f
62,876,875,f
52,876,875,f
25,895,894,f
54,876,875,f
55,876,875,f
42,876,875,f
50,876,875,f
44,876,875,f
66,876,875,f
75,775,601,f
98,775,601,f
100,775,601,f
99,775,601,f
76,775,601,f
74,775,601,f
112,775,601,f
111,775,601,f
110,775,601,f
109,775,601,f
108,775,601,f
104,775,601,f
103,775,601,f
102,775,601,f
101,775,601,f
107,775,601,f
106,775,601,f
105,775,601,f
85,612,611,f
84,612,611,f
83,612,611,f
82,612,611,f
81,612,611,f
80,612,611,f
79,612,611,f
78,612,611,f
77,612,611,f
75,776,538,f
98,776,538,f
100,776,538,f
99,776,538,f
76,776,538,f
74,776,538,f
112,776,538,f
111,776,538,f
110,776,538,f
109,776,538,f
108,776,538,f
104,776,538,f
103,776,538,f
102,776,538,f
101,776,538,f
107,776,538,f
106,776,538,f
105,776,538,f
85,779,778,f
84,779,778,f
83,779,778,f
82,779,778,f
81,779,778,f
80,779,778,f
79,779,778,f
78,779,778,f
77,779,778,f
75,780,719,f
98,780,719,f
100,780,719,f
99,780,719,f
76,780,719,f
74,780,719,f
112,780,719,f
111,780,719,f
110,780,719,f
109,780,719,f
108,780,719,f
104,780,719,f
103,780,719,f
102,780,719,f
101,780,719,f
107,780,719,f
106,780,719,f
105,780,719,f
85,783,750,f
84,783,750,f
83,783,750,f
82,783,750,f
81,783,750,f
80,783,750,f
79,783,750,f
78,783,750,f
77,783,750,f
75,800,796,f
98,800,796,f
100,800,796,f
99,800,796,f
76,800,796,f
74,800,796,f
112,800,796,f
111,800,796,f
110,800,796,f
109,800,796,f
108,800,796,f
104,800,796,f
103,800,796,f
102,800,796,f
101,800,796,f
107,800,796,f
106,800,796,f
105,800,796,f
75,692,691,f
98,692,691,f
100,692,691,f
99,692,691,f
76,692,691,f
74,692,691,f
112,692,691,f
111,692,691,f
110,692,691,f
109,692,691,f
108,692,691,f
104,692,691,f
103,692,691,f
102,692,691,f
101,692,691,f
107,692,691,f
106,692,691,f
105,692,691,f
75,795,794,f
98,795,794,f
100,795,794,f
99,795,794,f
76,795,794,f
74,795,794,f
112,795,794,f
111,795,794,f
110,795,794,f
109,795,794,f
108,795,794,f
104,795,794,f
103,795,794,f
102,795,794,f
101,795,794,f
107,795,794,f
106,795,794,f
105,795,794,f
85,808,275,f
84,808,275,f
83,808,275,f
82,808,275,f
81,808,275,f
80,808,275,f
79,808,275,f
78,808,275,f
77,808,275,f
34,845,844,f
99,666,665,f
76,666,665,f
74,666,665,f
112,666,665,f
111,666,665,f
110,666,665,f
109,666,665,f
108,666,665,f
104,666,665,f
103,666,665,f
102,666,665,f
101,666,665,f
107,666,665,f
106,666,665,f
105,666,665,f
43,876,875,f
45,876,875,f
120,876,875,f
24,782,43,f
4,782,43,f
2,782,43,f
3,782,43,f
7,782,43,f
21,782,43,f
5,782,43,f
35,782,43,f
33,782,43,f
46,782,43,f
53,782,43,f
55,782,43,f
43,782,43,f
50,782,43,f
66,782,43,f
120,782,43,f
4,823,822,f
4,847,846,f
24,847,846,f
2,847,846,f
22,847,846,f
8,847,846,f
21,847,846,f
6,847,846,f
25,847,846,f
23,847,846,f
7,847,846,f
48,879,878,f
64,879,878,f
47,879,878,f
53,879,878,f
55,879,878,f
46,879,878,f
42,879,878,f
43,879,878,f
62,879,878,f
66,879,878,f
22,782,43,f
8,782,43,f
6,782,43,f
25,782,43,f
23,782,43,f
1,782,43,f
12,782,43,f
14,782,43,f
13,782,43,f
31,782,43,f
64,782,43,f
42,782,43,f
44,782,43,f
45,782,43,f
52,782,43,f
9,847,846,f
1,847,846,f
54,879,878,f
44,879,878,f
45,879,878,f
54,485,43,f
9,782,43,f
16,782,43,f
15,782,43,f
32,782,43,f
34,782,43,f
48,782,43,f
47,782,43,f
54,782,43,f
62,782,43,f
3,847,846,f
5,847,846,f
50,879,878,f
52,879,878,f
120,879,878,f
