id,principal_id,"""timestamp""",transaction_date,amount,creator_id,notes
7,189,2022-11-30 22:37:45.807331+00,2019-12-17,1121,482,
8,189,2022-11-30 22:38:11.734397+00,2022-04-19,1020.88,482,
9,252,2022-11-30 22:47:26.296262+00,2021-06-30,750,482,
10,252,2022-11-30 22:49:48.519232+00,2022-09-07,325.25,482,
11,294,2022-11-30 22:54:33.025035+00,2022-09-15,1047.5,482,
12,294,2022-11-30 22:54:46.784958+00,2022-09-15,2000,482,
13,294,2022-11-30 22:55:00.717895+00,2022-09-15,178.25,482,
14,290,2022-11-30 23:08:51.136496+00,2022-08-08,3050,482,Paid by cash 
15,78,2022-11-30 23:35:35.730289+00,2017-08-25,1100,482,
16,78,2022-11-30 23:36:03.559+00,2020-05-19,6605,482,
17,78,2022-11-30 23:36:26.480554+00,2020-12-10,345,482,
18,274,2022-11-30 23:54:14.989173+00,2022-03-16,977.5,482,
19,164,2022-12-01 00:01:02.613932+00,2019-04-03,1050,482,
20,164,2022-12-01 00:02:37.286595+00,2022-03-16,158.02,482,
21,164,2022-12-01 00:02:58.059486+00,2022-03-31,574.48,482,
22,272,2022-12-01 00:12:06.660569+00,2022-02-11,2087,482,
23,167,2022-12-01 00:17:52.55492+00,2019-04-30,9372.5,482,
24,167,2022-12-01 00:18:09.068898+00,2022-06-15,460,482,
25,260,2022-12-01 00:27:09.290652+00,2022-11-30,1500,482,"Komo Plant Based Comfort Foods, Inc.
2021-09-17
Damage Deposit
Sarb Mund (CC)
$1,575.00 paid 
$75.00 applied to Invoice #KOMOPL-2021-001
$1,500.00 - balance left with CC"
26,292,2022-12-01 00:32:34.840429+00,2022-09-02,1000,482,
27,285,2022-12-01 00:36:50.474669+00,2022-05-16,1782.5,482,
28,275,2022-12-01 00:40:07.838851+00,2022-04-04,1782.5,482,
29,234,2022-12-01 00:49:42.189302+00,2021-03-21,2300,482,
30,234,2022-12-01 00:50:01.521786+00,2021-03-11,1955,482,
31,234,2022-12-01 00:50:35.505913+00,2022-08-11,1943.5,482,
32,247,2022-12-01 01:16:41.791102+00,2021-09-24,1224.75,482,
33,247,2022-12-01 01:17:04.053422+00,2022-06-08,730.25,482,
34,150,2022-12-01 17:19:36.373161+00,2018-12-05,1121,482,
35,150,2022-12-01 17:20:02.750352+00,2022-03-16,546.5,482,
36,125,2022-12-01 17:26:22.177644+00,2018-05-31,1060,482,
37,125,2022-12-01 17:26:55.782127+00,2019-05-13,1131,482,
38,125,2022-12-01 17:27:26.299319+00,2021-12-20,5000,482,
39,125,2022-12-01 17:28:23.791629+00,2022-04-19,3425.34,482,
40,125,2022-12-01 17:29:00.432846+00,2022-08-24,1053.55,482,
41,125,2022-12-01 17:29:33.96449+00,2022-09-26,942.45,482,
42,483,2022-12-01 17:34:40.699962+00,2022-10-19,1092.5,482,
43,291,2022-12-01 17:41:56.565246+00,2022-08-17,1311,482,
44,242,2022-12-01 17:49:34.891015+00,2021-03-09,781.3,482,
45,251,2022-12-01 17:54:25.316239+00,2021-06-11,1293.75,482,
46,251,2022-12-01 17:54:52.922654+00,2022-03-16,373.75,482,
47,44,2022-12-01 18:01:40.983438+00,2016-10-31,1100,482,
48,223,2022-12-01 18:13:19.178388+00,2020-10-31,737.45,482,
49,223,2022-12-01 18:13:37.711314+00,2022-11-16,199.9,482,
50,172,2022-12-01 18:17:58.411819+00,2019-09-30,531.25,482,
51,172,2022-12-01 18:18:41.418172+00,2022-03-25,124.25,482,
52,179,2022-12-01 18:23:49.768391+00,2019-08-29,1029,482,
53,179,2022-12-01 18:24:18.115247+00,2022-03-16,552.25,482,
54,250,2022-12-01 18:28:09.544236+00,2022-05-13,3000,482,
55,250,2022-12-01 18:28:30.880692+00,2022-05-13,1025,482,
56,250,2022-12-01 18:29:02.03283+00,2022-06-08,805,482,
57,269,2022-12-01 18:35:20.69719+00,2022-01-17,1075.25,482,
58,269,2022-12-01 18:35:57.340677+00,2022-03-16,822.5,482,
59,287,2022-12-01 18:41:54.908009+00,2022-05-30,1000,482,
60,287,2022-12-01 18:42:13.618937+00,2022-05-30,92.5,482,
61,168,2022-12-01 18:47:20.270715+00,2020-09-10,750,482,
62,168,2022-12-01 18:47:51.774576+00,2020-10-23,750,482,
63,168,2022-12-01 18:48:16.137555+00,2020-11-20,750,482,
64,168,2022-12-01 18:48:59.291371+00,2020-12-10,750,482,
65,168,2022-12-01 18:49:30.203993+00,2021-02-08,750,482,
66,168,2022-12-01 18:50:12.63604+00,2021-02-08,513,482,
67,229,2022-12-01 18:54:25.975887+00,2021-01-28,555,482,
68,229,2022-12-01 18:54:59.319018+00,2022-07-28,422.5,482,
69,168,2022-12-02 00:48:21.745262+00,2022-11-29,10000,482,
70,279,2022-12-07 23:25:07.899247+00,2022-04-26,1420.25,482,
71,514,2022-12-14 22:07:34.288654+00,2022-12-10,500,482,
72,77,2022-12-23 01:10:58.518255+00,2022-12-02,90,482,Top up for deposit
73,223,2022-12-26 17:52:05.193861+00,2022-12-26,104.6,482,"Paid with December 2022 invoice 
total paid $3000 December 2022 invoice was $2895.40 = 104.60"
74,519,2023-01-10 22:49:11.533443+00,2023-01-10,1874.5,482,"Deposit for Milky way 
base rent 1630 + 15% = 1874.50"
75,179,2023-01-12 23:12:25.04215+00,2023-01-12,316.25,482,Deposit top up for the new contract 
76,521,2023-01-16 23:19:55.615027+00,2023-01-13,805,482,deposit received on 13th January
77,279,2023-01-25 02:07:12.540353+00,2022-12-08,-129.68,482,InvoiceIds: [3722]
78,279,2023-01-25 02:09:16.072505+00,2023-01-24,-1290.57,482,"Returned Deposit: Member exited the kitchen, deposit return on 8th Dec 2022"
79,189,2023-01-25 17:22:38.907168+00,2023-01-05,-100.52,482,InvoiceIds: [3976]
80,189,2023-01-25 17:25:07.494744+00,2023-01-25,-2041.36,482,Returned Deposit: Member existed from the facility 401 last day was 31st December 2022
81,150,2023-01-25 17:31:07.494125+00,2023-01-25,-1667.5,482,Returned Deposit: Member exited from 401 last day 31st December 2022 deposit returned on 5th January 2023
82,44,2023-01-25 17:36:12.019326+00,2023-01-05,-188.35,482,InvoiceIds: [3656]
83,44,2023-01-25 17:37:18.960697+00,2023-01-25,-911.65,482,Returned Deposit: As the member exited the facility deposit return on 5th January 2023
84,251,2023-01-25 18:00:42.60148+00,2023-01-25,-1667.5,482,"Returned Deposit: Member exited the facility, deposit returned 5th January 2023"
85,223,2023-01-25 21:51:03.294017+00,2023-01-25,135.57,482,Paid 3100 the invoice for January was $2964.43; the rest was to top up the deposit.
86,516,2023-01-26 23:13:49.309936+00,2022-12-30,615,482,"Deposit is more than BAse + 15% as contract the calculation was wrong
"
87,168,2023-01-27 20:03:35.25363+00,2023-01-27,-18788,482,InvoiceIds: [3978]
88,483,2023-01-30 17:22:57.182415+00,2023-01-30,2587.5,482,"Moved to a full station on 28th January 2023
Deposit top up "
89,526,2023-01-30 17:32:55.42963+00,2023-01-30,885.5,482,Deposit starting April 13 2023
90,523,2023-01-31 21:56:39.719183+00,2023-01-30,9027.5,482,Received on 30th January 2023
91,125,2023-02-03 00:46:22.830989+00,2023-02-02,6172.91,482,top up deposit 31st January 2023
92,492,2023-02-03 01:06:43.253214+00,2023-02-02,300,495,
93,492,2023-02-03 01:07:09.297896+00,2023-02-02,-300,495,Returned Deposit: test
94,528,2023-02-03 01:07:22.888778+00,2023-01-28,885.5,482,
95,536,2023-02-23 00:18:19.849295+00,2023-02-22,1840,482,sent by VAISHALI VIPULK BUDHDEO
96,536,2023-02-23 00:18:49.790349+00,2023-02-22,1840,482,Sent by BAMON GOSWAMI
97,534,2023-02-23 00:20:28.754106+00,2023-02-22,1868.75,482,"As per the contract 1st payment of the deposit.
Deposit done by MICHAEL ESTEPHAN
"
98,532,2023-02-23 22:38:43.856356+00,2023-02-23,690,482,Etransfer
1,77,2022-11-08 02:55:26.419419+00,2017-07-19,600,311,From v1
3,168,2022-11-08 03:15:27.385778+00,2019-11-11,500,311,From v1
4,273,2022-11-30 00:28:25.095038+00,2022-02-28,3047.5,311,Received by Sarb from V1
5,273,2022-11-30 00:29:43.478525+00,2022-07-28,2000,311,Received by Sarb on V1
6,273,2022-11-30 00:31:01.581028+00,2022-07-28,171,311,Received Cash Neeru on V1
99,229,2023-03-15 00:38:20.808706+00,2023-03-14,-47.79,311,InvoiceIds: [4166]
102,547,2023-03-22 16:31:05.380157+00,2023-03-22,575,482,
103,549,2023-03-22 23:42:07.699286+00,2023-03-22,1000,482,
104,549,2023-03-23 17:53:55.512817+00,2023-03-23,1530,482,e-transfer
105,521,2023-03-24 15:42:31.369696+00,2023-03-24,86.25,482,
106,542,2023-03-27 17:46:26.07071+00,2023-03-27,575,482,
108,540,2023-03-30 18:11:21.45545+00,2023-03-30,862.5,482,Email sent by Sarb 30th March 2023
109,551,2023-03-31 18:06:09.283819+00,2023-03-31,1897.5,482,Received on 24th March 2023
110,545,2023-03-31 19:21:08.791644+00,2023-03-31,1955,482,recd 22nd March 2023
111,551,2023-03-31 22:27:30.229271+00,2023-03-31,126.5,482,
112,269,2023-04-04 21:35:40.211216+00,2023-04-04,-1897.75,482,InvoiceIds: [4177]
113,521,2023-04-04 22:50:59.395244+00,2023-04-01,431.25,482,Received by Sarb email dated 1st April 2023
114,553,2023-04-04 23:54:35.977824+00,2023-03-31,546.25,482,Email from Sarb 31st March 2023
115,223,2023-04-05 00:32:24.757374+00,2023-04-03,-1177.52,482,"InvoiceIds: [4233,4149,4083]"
119,483,2023-04-17 22:14:56.557763+00,2023-04-17,-525,482,InvoiceIds: [4262]
120,483,2023-04-17 22:15:26.141204+00,2023-04-17,-771.76,482,InvoiceIds: [4175]
121,252,2023-04-20 16:36:19.241705+00,2023-04-19,17.25,482,Email from Sarb on 19th April 2023
122,563,2023-04-20 16:38:22.000499+00,2023-04-20,575,482,Sent email by Sarb 20th April 2023
123,500,2023-04-20 18:53:24.73305+00,2023-04-20,1.233,495,
124,164,2023-04-26 16:30:01.845656+00,2023-04-25,57.5,482,Email by Sarb
125,526,2023-05-01 19:49:08.634141+00,2023-04-30,379.5,482,Top up deposit 
126,566,2023-05-04 16:47:11.630771+00,2023-05-03,747.5,482,Received on 3rd Maya from Baiana
127,167,2023-05-10 19:55:26.580182+00,2023-05-10,3840,482,cheque dtd 03-05-2023 deposit top up
128,568,2023-05-10 23:12:40.995027+00,2023-05-09,2000,482,email from Sarb 9th May 2023 
129,572,2023-05-11 21:56:59.391847+00,2023-05-11,517.5,482,"email from sarb on 11th May 2023 
deposit by ANA+ELIZABETH GUARANA+WANDERLEY "
130,78,2023-05-11 22:07:11.106645+00,2023-05-11,-1307.43,482,InvoiceIds: [4322]
131,275,2023-05-12 22:41:55.853964+00,2023-05-07,57.5,482,top of deposit 
132,568,2023-05-15 16:32:24.788549+00,2023-05-14,1680,482,"Email sent by Sarb on 14th May 2023
Money transferred by vikram bishnoi"
136,574,2023-05-18 17:22:29.283687+00,2023-05-17,678.5,482,"received deposit on 15th May from AFIFA LAKHNAVI, email send by Sarb"
137,551,2023-05-29 16:07:13.596944+00,2023-05-29,1207.5,482,Email from Sarb 28th May - top up for deposit as moved to full station from 1st June 2023 
138,578,2023-05-29 18:59:38.17492+00,2023-05-24,517.5,482,From Xero
139,168,2023-05-29 19:40:04.959377+00,2023-05-13,8754.38,482,Deposit top up from xero
140,580,2023-05-30 21:43:53.68006+00,2023-05-30,623.5,482,Email from Sarb 
141,534,2023-05-31 22:59:09.709067+00,2023-05-31,-236.61,482,InvoiceIds: [4318]
142,534,2023-05-31 22:59:25.158791+00,2023-05-31,-1632.14,482,InvoiceIds: [4427]
143,582,2023-06-02 20:58:57.375237+00,2023-06-02,661.25,482,"email from Sarb on 2nd June 2023, sent by Richard William Mark"
144,586,2023-06-07 23:37:22.066123+00,2023-06-07,3680,482,Deposit paid in cash by Nazar Ali with the first month rent of 5500
145,590,2023-06-09 19:05:04.17717+00,2023-06-09,517.5,482,Sarb email from 8th June 2023 
146,588,2023-06-16 16:55:31.287533+00,2023-06-15,2127.5,482,Email from Sarb on 15th June 2023
147,538,2023-06-19 20:46:05.123325+00,2023-06-19,1495,482,Email from Sarb on 17th June 2023
148,597,2023-06-20 16:56:07.38424+00,2023-06-20,300,482,Email received from Sarb on 20th June 2023
149,582,2023-06-20 16:58:30.094218+00,2023-06-20,86.25,482,"Deposit top, email from Sarb on 20th June 2023"
152,590,2023-06-26 22:39:39.35952+00,2023-06-26,230,482,Email received by Sarb on 26th June 2023
153,584,2023-06-27 17:32:09.152937+00,2023-06-27,1500,482,25th June 2023
154,584,2023-06-27 17:33:51.190216+00,2023-06-27,225,482,copied from xero 25th June 2023
155,590,2023-06-27 17:35:48.669139+00,2023-06-27,230,482,copied from xero 26th June 2023
156,590,2023-06-27 17:39:47.547637+00,2023-06-27,-230,482,Returned Deposit: entered twice in the system the deposit in hand and required is 747.50
157,538,2023-07-01 18:56:11.224846+00,2023-06-30,3000,482,Commissary Cart Deposit email sent by Sarb on  30th June 2023
159,601,2023-07-10 18:46:44.364326+00,2023-07-07,2127.5,482,Deposit on 7th July by Jon Remedio
160,272,2023-07-12 23:05:32.423472+00,2023-07-12,-2000.13,482,InvoiceIds: [4428]
161,599,2023-07-13 20:34:36.998618+00,2023-07-10,546.25,482,Email from Sarb on 12th July 2023
162,540,2023-07-17 18:12:01.012076+00,2023-07-14,230,482,Email thro' Sarb on14th July 2023
163,500,2023-07-17 21:16:05.657356+00,2023-07-17,0,495,test
164,168,2023-07-17 23:55:22.36826+00,2023-07-17,8754.38,482,"Copied from Xero, deposit top up on 14th July 2023"
165,514,2023-07-18 23:37:28.43789+00,2023-06-27,210.56,482,MONEY SENT - DIDN'T KNOW FOR WHAT.  SARB MENTION TO PUT IN DEPOSIT 
166,611,2023-07-26 17:45:13.994944+00,2023-07-26,345,482,email from Sarb on 25th July - etransfer by  JENNY YUE
167,545,2023-07-26 17:50:24.686688+00,2023-07-25,287.5,482,Top up deposit as moved to 3/4 station by Katherine 
168,595,2023-07-26 18:25:01.075801+00,2023-07-21,337.5,482,Copied from Xero
169,549,2023-07-27 19:18:26.006364+00,2023-07-27,-2310,482,InvoiceIds: [4424]
170,549,2023-07-27 19:18:57.941023+00,2023-07-27,-220,482,InvoiceIds: [4425]
171,613,2023-07-31 20:57:24.15898+00,2023-07-31,2127.5,482,Sarb sent email on 31st July 2023 
172,125,2023-08-03 18:44:30.273946+00,2023-08-03,-556.59,482,InvoiceIds: [4733]
173,623,2023-08-03 19:04:42.228086+00,2023-08-01,805,482,Deposit by DANIELACOEN
174,290,2023-08-03 23:27:52.625348+00,2023-08-03,-2161.86,482,InvoiceIds: [4742]
2,168,2022-11-08 03:14:59.367159+00,2019-04-20,4025,311,From v1
100,514,2023-03-15 00:53:19.513514+00,2023-03-14,-394.8,311,InvoiceIds: [3781]
101,538,2023-03-16 19:53:35.370321+00,2023-03-16,2185,311,received in cash by SM
107,168,2023-03-29 20:01:12.955853+00,2023-03-29,8754.38,311,1/4 deposit top up
116,229,2023-04-05 04:43:16.667638+00,2023-04-04,-929.71,311,Returned Deposit: member left in good standing
117,274,2023-04-05 04:51:21.047082+00,2023-04-04,-977.5,311,Returned Deposit: member left in good standing
118,247,2023-04-06 00:00:32.643506+00,2023-04-05,-1955,311,Returned Deposit: member left in good standing
133,516,2023-05-15 18:44:49.653262+00,2023-05-15,-615,311,Returned Deposit: term ended
134,242,2023-05-15 18:48:00.218334+00,2023-05-15,-781.3,311,Returned Deposit: term ended
135,250,2023-05-17 18:14:54.449435+00,2023-05-17,-4830,311,Returned Deposit: term ended
150,595,2023-06-22 06:44:15.01654+00,2023-06-21,661.25,311,Chq  468
151,291,2023-06-22 22:08:17.843267+00,2023-06-22,-1311,311,Returned Deposit: end of term
158,595,2023-07-08 00:27:02.821332+00,2023-07-07,-661.25,311,Returned Deposit: bounced cheque
175,125,2023-08-03 23:44:34.152976+00,2023-08-03,-5000,311,Returned Deposit: left in good standing
176,168,2023-08-04 20:55:33.905981+00,2023-08-04,8754.38,311,paid by chq0788
177,290,2023-08-04 21:34:19.701515+00,2023-08-04,-888.14,311,Returned Deposit: left kitchen in good standing
178,125,2023-08-04 22:38:45.93792+00,2023-08-04,-5000,311,Returned Deposit: left kitchen 
179,234,2023-08-14 23:21:03.820152+00,2023-08-14,243.8,311,paid by cheque 000073
180,621,2023-08-15 01:23:47.161507+00,2023-08-06,1782.5,311,Memo Slowsavory
181,625,2023-08-22 17:52:27.664341+00,2023-08-17,2357.5,311,etransfered
182,125,2023-08-27 05:58:30.721798+00,2023-08-26,-8228.66,311,Returned Deposit: left kitchen final payment
183,553,2023-09-02 00:23:49.896223+00,2023-09-01,-546.25,311,Returned Deposit: left kitchen in good standing
184,566,2023-09-02 00:28:40.051501+00,2023-09-01,-747.5,311,Returned Deposit: left in good standing
185,523,2023-09-02 03:09:17.830431+00,2023-08-31,-9027.5,311,"InvoiceIds: [4741,4717,4601,4338,4299]"
186,574,2023-09-13 04:55:59.78208+00,2023-09-12,-678.5,311,InvoiceIds: [4818]
187,635,2023-09-20 23:04:51.022031+00,2023-09-17,1092.5,311,
188,547,2023-09-25 18:38:01.770346+00,2023-09-25,-575,631,InvoiceIds: [4789]
189,642,2023-09-28 22:01:46.24657+00,2023-09-27,1035,311,
190,590,2023-10-03 23:00:09.193256+00,2023-10-03,-747.5,311,Returned Deposit: contract ended. left in good standing
191,538,2023-10-11 01:10:23.166192+00,2023-10-10,-3000,631,InvoiceIds: [4850]
192,648,2023-10-12 00:33:33.08786+00,2023-10-11,2501.25,631,
193,650,2023-10-12 00:36:39.542522+00,2023-10-11,2501.25,631,
194,526,2023-10-12 02:15:50.358537+00,2023-10-10,-447.05,311,InvoiceIds: [4843]
195,638,2023-10-13 20:57:55.677773+00,2023-09-18,1980,631,
196,638,2023-10-13 21:01:31.510256+00,2023-10-13,-220.5,631,InvoiceIds: [4881]
197,542,2023-10-18 23:25:18.408308+00,2023-10-18,-575,311,Returned Deposit: left in good standing
198,526,2023-10-18 23:49:53.438265+00,2023-10-18,-817.95,311,Returned Deposit: left in good standing
199,654,2023-10-20 22:56:38.837576+00,2023-10-18,2000,631,
200,654,2023-10-23 22:02:31.264029+00,2023-10-18,2250.4,311,
201,663,2023-10-25 17:14:09.415191+00,2023-10-17,2000,631,part 1
202,665,2023-10-25 19:31:04.709795+00,2023-10-21,805,631,
203,667,2023-10-28 19:24:26.213116+00,2023-10-26,1552.5,631,
204,629,2023-10-30 22:41:56.080674+00,2023-08-29,517.5,525,
205,625,2023-11-01 00:00:29.877108+00,2023-10-27,1092.5,495,"Contract Extension Deposit - The amount actually received was $1,836.25.  We have split it through paying invoice DS-625-2023-03 and this deposit extension."
206,597,2023-11-01 20:01:52.233896+00,2023-11-01,-300,311,Returned Deposit: left in good standing
207,568,2023-11-01 20:36:07.15518+00,2023-11-01,-506.23,311,InvoiceIds: [4851]
208,663,2023-11-01 20:58:36.292408+00,2023-11-01,-2000,631,Returned Deposit: Mistake entry
209,670,2023-11-02 20:54:25.229634+00,2023-11-02,3105,631,Paid with the same cheque as Nov 1st rent (cheque amount is $5940)
210,568,2023-11-02 21:25:00.32587+00,2023-11-02,506.23,311,corrcetion for adjusting Nov 1 invoice
211,568,2023-11-02 21:33:33.432607+00,2023-11-02,-2063.04,311,"InvoiceIds: [4893,4851]"
212,638,2023-11-03 19:14:52.673377+00,2023-11-03,-724.5,631,InvoiceIds: [4901]
213,601,2023-11-09 19:11:48.828879+00,2023-11-02,1492.5,311,
214,621,2023-11-09 19:14:09.127872+00,2023-11-02,517.5,311,
215,676,2023-11-16 00:31:18.662047+00,2023-11-15,1454.75,631,
216,673,2023-11-16 00:36:28.602483+00,2023-11-08,690,631,
217,680,2023-11-28 22:26:03.679183+00,2023-11-25,1955,631,Deposit is based on $1700 for their April 1st contract 
218,580,2023-12-02 01:42:53.383285+00,2023-12-01,-577.5,631,InvoiceIds: [4917]
219,580,2023-12-02 02:18:20.879749+00,2023-12-01,577.5,631,Jenn had applied $577.50 of the deposit to the Nov invoice by mistake.
220,568,2023-12-06 20:49:02.618109+00,2023-12-06,-1616.96,311,Returned Deposit: left kitchen
221,683,2023-12-14 20:47:09.759209+00,2023-12-09,737.5,631,partial because of entransfer limit
222,683,2023-12-14 23:44:51.393291+00,2023-12-07,3000,311,
223,689,2023-12-19 23:02:06.416562+00,2023-12-18,1035,631,cheque
224,586,2024-01-02 22:57:27.771748+00,2024-01-02,5410.47,311,etransfered from Rajput Holdings
225,536,2024-01-08 18:52:47.967021+00,2024-01-04,-3680,631,InvoiceIds: [5041]
226,640,2024-01-10 03:26:17.586442+00,2024-01-09,460,311,
227,693,2024-01-10 03:51:11.079591+00,2024-01-05,258.75,311,
228,294,2024-01-11 17:31:53.362531+00,2024-01-11,-3225.75,631,InvoiceIds: []
229,621,2024-01-11 17:33:12.037248+00,2024-01-11,-2300,631,InvoiceIds: [5032]
230,588,2024-01-12 02:54:38.015145+00,2024-01-11,-2127.5,311,Returned Deposit: left in good standing
231,580,2024-01-12 03:03:00.921064+00,2024-01-11,-623.5,311,Returned Deposit: left in good standing
232,699,2024-02-05 22:29:02.223462+00,2024-02-02,2357.5,311,
233,640,2024-02-05 22:53:22.411122+00,2024-02-02,172.5,311,etransfered $750 ($172.50 for deposit) remainder to Feb 2024 invoice
234,519,2024-02-06 00:39:24.593795+00,2024-02-05,-1874.5,311,Returned Deposit: left in good standing
235,703,2024-02-08 19:31:36.040017+00,2024-02-07,805,311,
236,670,2024-02-09 20:29:34.441793+00,2024-02-09,-230.16,311,InvoiceIds: [5175]
237,708,2024-02-15 18:54:03.083527+00,2024-02-15,1035,311,
238,172,2024-02-23 01:31:57.471702+00,2024-02-22,-498.75,311,InvoiceIds: [5180]
239,625,2024-03-01 22:45:35.341082+00,2024-03-01,-1155.75,513,InvoiceIds: [5170]
240,715,2024-03-01 22:53:41.265713+00,2024-02-28,1150,513,
241,712,2024-03-01 22:54:17.682453+00,2024-02-27,977.5,513,
242,670,2024-03-03 03:02:45.132943+00,2024-03-02,-2874.84,311,Returned Deposit: left in good standing
243,545,2024-03-03 20:05:53.00247+00,2024-03-03,-2242.5,311,Returned Deposit: left in good standing
244,545,2024-03-03 20:07:00.959735+00,2024-03-03,2242.5,311,etransfer of deposit did not go through
245,717,2024-03-12 00:22:29.18988+00,2024-03-05,3000,311,
246,717,2024-03-12 00:22:41.313658+00,2024-03-06,967.5,311,
247,721,2024-03-26 05:19:02.15319+00,2024-03-12,1075.25,311,
248,706,2024-03-26 06:23:43.225918+00,2024-03-17,1328.25,311,
249,640,2024-03-26 17:16:10.039099+00,2024-03-26,-538.39,513,InvoiceIds: [5260]
250,719,2024-04-01 22:29:06.198913+00,2024-03-30,862.5,485,Deposit recieved
251,172,2024-04-15 18:06:13.606265+00,2024-02-20,-156.75,485,InvoiceIds: [5339]
252,735,2024-05-02 23:36:30.814788+00,2024-04-22,1150,311,Deposit for station
253,735,2024-05-02 23:37:21.168021+00,2024-04-22,1500,311,1/2 deposit for food cart
254,735,2024-05-03 00:06:54.419524+00,2024-04-23,1950,311,food trailer
255,563,2024-05-10 05:59:00.273364+00,2024-05-09,-575,311,Returned Deposit: left in good standing
256,179,2024-05-10 06:00:50.81878+00,2024-05-09,-69.99,311,"InvoiceIds: [5544,5307]"
257,179,2024-05-10 06:09:15.211026+00,2024-05-09,-1827.51,311,Returned Deposit: returned in good standing
258,742,2024-05-10 17:25:19.521859+00,2024-04-30,1092.5,485,
259,731,2024-05-10 17:27:58.781489+00,2024-04-15,414,311,
260,747,2024-05-10 18:47:51.331441+00,2024-05-02,920,485,Deposit received from Downtown Dosas (Venkat)
261,545,2024-05-13 19:39:15.887872+00,2024-04-26,805,485,Deposit received
262,545,2024-05-13 19:40:46.641581+00,2024-05-05,80.5,485,Deposit received
263,540,2024-05-17 02:39:06.250919+00,2024-05-12,-1092.5,311,InvoiceIds: [5528]
264,676,2024-05-17 17:38:08.98271+00,2024-05-17,-1454.75,513,Returned Deposit: Left kitchen
265,745,2024-05-23 00:46:39.843872+00,2024-05-21,1095.5,485,
266,648,2024-06-04 17:33:48.160852+00,2024-06-04,-1063.75,513,InvoiceIds: [5601]
267,755,2024-06-06 19:52:40.50782+00,2024-05-30,2127.5,485,Deposit received
268,750,2024-06-06 19:54:08.569489+00,2024-06-01,885.5,485,Deposit received
269,753,2024-06-06 20:01:45.037492+00,2024-06-02,2783,485,Deposit received
270,273,2024-06-11 02:05:04.096871+00,2024-06-10,-4855.14,311,"InvoiceIds: [5552,5626]"
271,667,2024-06-12 21:53:42.483934+00,2024-06-12,-352.5,311,"InvoiceIds: [5284,5534]"
272,625,2024-06-12 22:25:21.336261+00,2024-06-12,-363.31,311,InvoiceIds: [5614]
273,551,2024-06-12 22:36:15.609558+00,2024-06-12,138,311,
274,625,2024-06-13 22:53:40.600625+00,2024-06-13,-1930.94,311,Returned Deposit: left in good standing
275,761,2024-06-19 23:33:49.530433+00,2024-06-17,2310,311,
276,761,2024-06-19 23:35:06.537196+00,2024-06-17,2530,311,
277,758,2024-06-20 19:07:41.957929+00,2024-06-20,1173,744,
278,538,2024-06-20 22:17:44.700122+00,2024-06-20,-781.93,311,InvoiceIds: [5602]
279,706,2024-06-21 00:25:50.243814+00,2024-06-18,-727.65,311,InvoiceIds: [5633]
280,767,2024-06-24 22:25:54.480042+00,2024-06-22,2000,560,half deposit
281,769,2024-06-25 18:01:55.613261+00,2024-06-17,1092.5,744,
282,285,2024-06-26 07:19:11.04262+00,2024-06-26,80.6,311,
283,767,2024-06-26 07:20:15.007061+00,2024-06-25,761,311,
284,767,2024-06-26 07:21:03.74868+00,2024-06-24,2000,311,
285,763,2024-07-01 23:05:53.851777+00,2024-06-30,966,311,
286,761,2024-07-04 01:33:35.290259+00,2024-07-03,-2310,311,InvoiceIds: [5908]
287,706,2024-07-05 23:12:19.504895+00,2024-07-05,-600.6,311,Returned Deposit: left in good standing
288,635,2024-07-08 18:37:57.63471+00,2024-07-08,-34.94,311,InvoiceIds: [5934]
289,635,2024-07-08 18:41:29.667519+00,2024-07-08,-1057.56,311,Returned Deposit: left in good standing
290,285,2024-07-10 20:21:50.762292+00,2024-07-10,-0.11,311,InvoiceIds: [5942]
291,703,2024-07-11 21:39:30.597996+00,2024-07-11,-805,311,"InvoiceIds: [5608,5946]"
292,273,2024-07-17 23:37:44.488643+00,2024-07-17,4855.14,311,deposit payemnt to invoices  reveresed to refund deposit
293,273,2024-07-17 23:44:46.596163+00,2024-07-17,-823.14,311,"InvoiceIds: [5552,5626]"
294,273,2024-07-18 01:47:03.770414+00,2024-07-17,-4395.36,311,Returned Deposit: Left in good standing
295,545,2024-07-18 18:03:14.095642+00,2024-07-17,92,744,Top-up required by August 1st contract change
296,167,2024-07-20 02:38:41.603358+00,2024-07-19,-500.47,311,"InvoiceIds: [5588,5929]"
297,521,2024-07-22 17:04:39.923157+00,2024-07-19,747.5,744,"Deposit top-up based on base fee up, plus some wasn't sent before. Received by Sarb."
298,745,2024-07-24 23:38:28.043873+00,2024-07-10,-1095.5,311,"InvoiceIds: [5568,5944]"
299,538,2024-07-30 05:47:38.625573+00,2024-07-26,-105.54,311,InvoiceIds: [5909]
300,545,2024-08-01 19:09:38.940726+00,2024-07-30,460,311,
301,595,2024-08-01 19:12:13.314444+00,2024-07-31,298,311,
302,595,2024-08-01 19:12:39.333319+00,2024-07-31,39.5,311,
303,595,2024-08-01 19:13:23.528454+00,2024-07-31,237.5,311,
304,595,2024-08-01 23:50:02.212027+00,2024-08-01,-337.5,311,"InvoiceIds: [5941,6120]"
305,167,2024-08-03 00:10:02.379228+00,2024-08-02,-2100,311,InvoiceIds: [6134]
306,693,2024-08-06 22:23:47.782974+00,2024-07-06,99.07,311,Received $236.78 in bank. as she paid the full July but then she wanted to leave on the 18th so this entry is being created to return this amount from the full payment.
307,693,2024-08-06 22:39:25.470139+00,2024-08-06,-357.82,311,Returned Deposit: left
308,778,2024-08-07 21:19:27.603913+00,2024-08-07,200,744,E transferred to Sarb
309,715,2024-08-07 21:40:14.106356+00,2024-08-07,690,744,
310,572,2024-08-14 22:50:37.379576+00,2024-06-20,83.38,485,Deposit by cakroll on 20th June
311,613,2024-08-19 22:01:07.775268+00,2024-08-08,-606.47,311,InvoiceIds: [6103]
312,731,2024-08-22 20:22:35.790259+00,2024-08-21,186,744,"top up to 2 months rent, for month to month contract"
313,715,2024-08-22 23:07:15.827714+00,2024-08-20,1345.5,744,Top-up for full station
314,735,2024-08-23 20:54:55.488413+00,2024-05-31,218.7,744,Propane-related expenses that Commissary Connect owes Mommy's Planet for. Invoice # 0000029530 on Receipt provided by Paul
315,735,2024-08-23 20:55:23.712681+00,2024-06-30,131.12,744,Propane-related expenses that Commissary Connect owes Mommy's Planet for. Invoice # 0000038820 on Receipt provided by Paul
316,551,2024-08-29 20:55:34.017003+00,2024-08-29,1230.5,744,Laurel St Deposit Top-Up
317,582,2024-08-29 20:57:53.533279+00,2024-08-27,575,744,Deposit top-up
318,667,2024-08-29 23:27:06.8219+00,2024-08-29,-1200,744,"InvoiceIds: [5534,5613]"
319,584,2024-08-29 23:30:07.167541+00,2024-08-29,-1725,744,"InvoiceIds: [5604,5914]"
320,758,2024-09-03 20:36:41.592824+00,2024-08-06,-1088.46,311,InvoiceIds: [6085]
321,735,2024-09-03 23:49:18.111422+00,2024-08-27,1500,311,
322,287,2024-09-03 23:54:49.038419+00,2024-08-26,51.75,311,
323,164,2024-09-03 23:56:35.702131+00,2024-08-26,86.25,311,
324,691,2024-09-04 21:06:52.751425+00,2024-09-04,2127.5,560,
325,611,2024-09-06 20:02:01.66914+00,2024-09-06,-345,311,Returned Deposit: left in good standing
326,778,2024-09-06 20:03:01.517837+00,2024-09-06,-200,311,Returned Deposit: left in good standing
327,753,2024-09-13 01:30:26.265122+00,2024-09-12,-2783,782,InvoiceIds: [6157]
328,613,2024-09-19 21:34:15.329425+00,2024-09-19,-1521.03,485,Returned Deposit: left
329,638,2024-10-07 18:03:02.533173+00,2024-10-07,-587.77,782,InvoiceIds: [6211]
330,785,2024-10-08 00:14:35.871227+00,2024-10-07,1236.54,782,
331,785,2024-10-11 19:15:53.551298+00,2024-10-11,-1236.54,485,Returned Deposit: Entered in error
332,785,2024-10-11 19:20:51.754643+00,2024-10-03,2057,485,
334,787,2024-10-12 00:43:25.174439+00,2024-10-04,1552.5,485,
335,683,2024-10-14 18:29:23.143584+00,2024-10-09,-3592.03,311,InvoiceIds: [6208]
336,650,2024-10-14 18:46:31.177111+00,2024-10-11,-2359.62,311,InvoiceIds: [6217]
337,648,2024-10-14 18:47:05.054615+00,2024-10-14,-1312.5,311,InvoiceIds: [6242]
338,794,2024-10-17 22:06:17.244639+00,2024-10-16,1552.5,311,
339,785,2024-10-23 22:14:25.959971+00,2024-10-07,-981.75,485,InvoiceIds: [6257]
340,650,2024-11-02 02:46:15.969616+00,2024-11-01,2359.62,311,Had to delete payment from October invoice  to print off November final invoice 
341,648,2024-11-02 02:49:03.174873+00,2024-11-01,1312.5,311,Had to delete payment to October invoice to print of November final invoice
342,691,2024-11-07 00:33:31.624319+00,2024-11-06,-1007.82,782,"InvoiceIds: [6259,6262]"
343,767,2024-11-07 21:22:39.711785+00,2024-11-07,-26.08,485,"InvoiceIds: [6209,6284]"
344,796,2024-11-08 17:26:03.739154+00,2024-10-20,1707.75,311,
345,691,2024-11-08 18:11:04.406749+00,2024-11-07,892.5,311,
346,691,2024-11-08 18:11:17.535349+00,2024-11-08,115.32,311,
347,691,2024-11-08 18:15:18.479977+00,2024-11-08,-2127.5,311,Returned Deposit: left
348,767,2024-11-08 23:56:55.084319+00,2024-11-08,-4734.92,311,Returned Deposit: left in good standing
349,801,2024-11-14 20:03:57.366657+00,2024-11-06,2500,485,
350,801,2024-11-14 20:04:29.201491+00,2024-11-07,1180,485,
351,721,2024-11-21 19:09:54.646147+00,2024-11-21,-1075.25,311,Returned Deposit: Left in good standing
352,538,2024-11-28 02:07:10.715423+00,2024-11-27,-100.12,485,InvoiceIds: [6294]
353,538,2024-11-29 02:40:15.778374+00,2024-11-28,-2692.41,311,Returned Deposit: left kitchen
354,164,2024-11-29 02:54:29.806146+00,2024-11-17,-17.6,311,"InvoiceIds: [6228,6274]"
355,750,2024-12-07 00:07:26.671121+00,2024-12-06,-4.02,485,InvoiceIds: [6353]
356,572,2024-12-07 00:11:28.810282+00,2024-12-06,-4.35,485,InvoiceIds: [6345]
357,623,2024-12-09 19:00:37.687753+00,2024-12-09,-735,782,InvoiceIds: [6352]
358,680,2024-12-11 20:41:47.305373+00,2024-12-11,-1955,311,Returned Deposit: left in good standing
359,572,2024-12-11 22:37:43.367742+00,2024-12-11,-596.53,311,Returned Deposit: left in good standing
360,750,2024-12-11 22:40:55.990053+00,2024-12-11,-881.48,311,Returned Deposit: left in good standing
361,804,2024-12-18 01:41:24.876876+00,2024-11-29,1667.5,485,
362,806,2024-12-21 21:31:30.487271+00,2024-12-02,1587,485,
363,735,2024-12-26 23:16:38.542318+00,2024-12-26,-3622.5,485,InvoiceIds: [6365]
364,794,2025-01-03 00:08:40.447469+00,2025-01-01,1092.5,485,Station Upgraded to Half Station.
365,801,2025-01-14 22:58:01.129497+00,2025-01-14,-3680,311,Returned Deposit: left in good standing
366,545,2025-01-30 22:18:42.387749+00,2025-01-30,-69.57,485,InvoiceIds: [6397]
367,810,2025-02-01 19:53:48.974065+00,2025-01-22,1782.5,485,Deposit paid
368,761,2025-02-04 19:14:06.666776+00,2025-02-04,-1617,485,InvoiceIds: [6411]
369,761,2025-02-04 19:16:04.558099+00,2025-02-04,-113.28,485,InvoiceIds: [6418]
370,761,2025-02-11 22:19:39.048826+00,2025-02-11,-799.72,311,Returned Deposit: left in good standing
371,234,2025-02-12 00:50:32.860553+00,2025-02-11,-4104.57,485,InvoiceIds: [6428]
372,234,2025-02-12 00:52:08.215138+00,2025-02-11,-1159.54,485,InvoiceIds: [6393]
373,234,2025-02-12 00:53:07.966674+00,2025-02-11,-1178.19,485,InvoiceIds: [6453]
374,832,2025-02-26 02:04:54.57649+00,2025-02-24,1035,485,
375,826,2025-03-04 22:36:10.908088+00,2025-02-13,977.5,485,
376,832,2025-03-05 03:19:17.81811+00,2025-03-04,-157.5,485,InvoiceIds: [6502]
377,735,2025-03-05 20:51:46.149993+00,2025-03-05,-2827.32,485,"InvoiceIds: [6417,6492]"
378,629,2025-03-06 01:49:24.50829+00,2025-03-05,-517.5,311,Returned Deposit: return in good standing
379,832,2025-03-06 01:54:28.29104+00,2025-03-05,-877.5,311,Returned Deposit: didnt understand contract. we ended it.
380,836,2025-03-06 02:46:46.081305+00,2025-02-20,2940,485,
381,840,2025-03-11 17:59:56.196666+00,2025-03-11,1115,485,
382,789,2025-03-11 20:30:05.664786+00,2025-02-20,10000,311,over paid invoice in error - paying 1k to clear pervious invoice and sending 9k back
383,789,2025-03-11 20:32:17.106417+00,2025-03-11,-1000,311,InvoiceIds: [6410]
384,789,2025-03-11 20:39:52.014819+00,2025-03-11,-9000,311,Returned Deposit: sent in error - etransfered back
385,819,2025-03-13 18:01:57.531944+00,2025-02-06,2909.5,485,
386,830,2025-03-13 18:19:17.932416+00,2025-01-10,2000,485,
387,830,2025-03-13 18:19:30.568743+00,2025-01-12,2000,485,
388,830,2025-03-13 18:23:28.430231+00,2025-03-13,-4000,485,InvoiceIds: [6481]
389,806,2025-03-16 00:52:10.907211+00,2025-03-10,-23.39,485,InvoiceIds: [6476]
390,844,2025-03-20 18:23:38.493344+00,2025-03-15,2530,485,Deposit e transferred to Sarb
391,846,2025-03-24 03:42:21.068643+00,2025-03-23,1380,485,
392,838,2025-04-02 05:34:47.20802+00,2025-03-31,1593.9,311,
393,285,2025-04-10 20:03:52.752137+00,2025-04-10,-25.61,311,InvoiceIds: [6543]
394,285,2025-04-10 20:09:07.234285+00,2025-04-10,-1837.38,311,Returned Deposit: left in good standing
395,654,2025-04-10 20:16:52.080404+00,2025-04-10,-4250.4,311,Returned Deposit: left in good standing
396,806,2025-04-10 20:21:59.413096+00,2025-04-10,-1563.61,311,Returned Deposit: left in good standing
397,854,2025-04-15 18:25:15.785673+00,2025-04-22,1207.5,485,
398,856,2025-04-15 18:35:13.276976+00,2025-04-01,3000,485,
399,856,2025-04-15 19:06:33.634592+00,2025-04-03,105,485,
400,858,2025-04-16 01:07:56.352517+00,2025-04-15,5175,485,
401,727,2025-04-16 19:33:01.827559+00,2025-04-13,991.88,485,
402,715,2025-04-18 16:45:47.3321+00,2025-04-18,-1551.5,485,InvoiceIds: [6516]
403,822,2025-04-24 00:12:03.412053+00,2025-04-23,1092.5,485,
404,824,2025-04-26 22:10:12.044414+00,2025-02-15,862.5,485,
405,761,2025-04-28 16:10:13.378953+00,2025-04-24,5000,560,
406,836,2025-05-01 20:44:55.109765+00,2025-04-10,-2600.86,485,InvoiceIds: [6551]
407,761,2025-05-01 22:13:35.666249+00,2025-05-01,-2415,311,InvoiceIds: [6593]
408,715,2025-05-01 22:15:28.358228+00,2025-05-01,-38.05,311,InvoiceIds: [6618]
409,860,2025-05-01 23:26:38.577996+00,2025-05-01,2587.5,485,
410,534,2025-05-10 01:15:56.072357+00,2025-05-09,2702.5,485,
411,822,2025-05-14 20:02:48.601843+00,2025-05-14,-997.5,485,InvoiceIds: [6620]
412,801,2025-05-28 00:11:52.791514+00,2025-05-23,804,485,Deposit received for 417.
413,521,2025-05-28 20:14:31.973212+00,2025-05-23,1178.75,485,
414,521,2025-05-28 20:24:55.299244+00,2025-05-28,-3248.75,485,InvoiceIds: [6628]
415,865,2025-05-28 20:39:54.151641+00,2025-05-27,2530,485,
416,252,2025-05-30 19:37:05.667543+00,2025-05-30,-1092.5,311,Returned Deposit: left in good standing
417,761,2025-06-10 20:53:09.838138+00,2025-06-10,-2341.78,485,InvoiceIds: [6650]
418,822,2025-06-11 21:06:09.059365+00,2025-06-11,1092.5,485,"2nd Deposit, part of 1st deposit was used against the unpaid invoice."
419,715,2025-06-11 21:08:16.146131+00,2025-06-11,-1595.95,311,Returned Deposit: left in good standing
420,875,2025-06-13 19:50:04.794261+00,2025-05-15,4197.5,485,
421,871,2025-06-13 19:57:36.941547+00,2025-06-09,792.35,485,
422,755,2025-06-17 17:43:05.350417+00,2025-06-17,-2127.5,311,Returned Deposit: left in good standing
423,810,2025-06-17 20:17:39.938061+00,2025-06-17,-1316.81,485,InvoiceIds: [6672]
424,810,2025-06-17 20:20:05.976276+00,2025-06-17,-420.01,485,"InvoiceIds: [6603,6643]"
425,878,2025-06-20 19:36:35.156597+00,2025-06-17,10350,485,
426,761,2025-07-09 01:04:05.889669+00,2025-07-08,-96.19,485,InvoiceIds: [6685]
427,761,2025-07-10 00:26:34.103889+00,2025-07-09,-147.03,311,Returned Deposit: member left in good standing
428,77,2025-07-10 00:35:38.510346+00,2025-07-09,-690,311,Returned Deposit: left in good standing
429,801,2025-07-10 00:37:31.212456+00,2025-07-09,-804,311,Returned Deposit: left in good standing
430,888,2025-07-11 20:54:23.513764+00,2025-07-04,1552.5,485,
431,884,2025-07-11 20:55:09.180781+00,2025-07-04,862.5,485,
432,880,2025-07-11 20:58:12.231251+00,2025-06-11,1075.25,485,
433,886,2025-07-11 20:59:33.268006+00,2025-07-07,1552.5,485,
434,888,2025-07-11 21:07:14.066469+00,2025-07-09,155.25,485,
435,826,2025-07-11 21:25:56.975404+00,2025-07-11,-977.5,485,InvoiceIds: [6725]
436,890,2025-07-16 20:15:20.242042+00,2025-07-10,350,485,
437,894,2025-07-16 23:31:45.396881+00,2025-07-16,3795,485,"Total payment was $4260, out of which 3795 for deposit and $465 for 1st months rent"
438,892,2025-07-18 21:58:24.310429+00,2025-07-14,1178.75,485,
439,882,2025-07-18 22:08:39.649776+00,2025-07-15,977.5,485,
440,534,2025-07-25 23:46:54.983841+00,2025-07-25,-2702.5,485,InvoiceIds: [6734]
441,787,2025-07-30 20:48:06.271698+00,2025-07-30,-1552.5,485,InvoiceIds: [6735]
442,898,2025-08-01 00:18:34.43014+00,2025-07-25,747.5,485,
443,742,2025-08-07 18:54:54.06085+00,2025-08-07,-1092.5,311,Returned Deposit: left in good standing
444,902,2025-08-12 21:30:31.639484+00,2025-08-06,1437.5,485,
