person_id,token,is_password_updated,created_at,updated_at,id
495,5db35305-a637-4730-9db8-164ba04e1f75,t,,2023-04-13 23:26:33.425+00,1
533,a1d96c26-7cad-4e50-92a7-eb9d0bae33ab,t,,,2
533,3955b0fa-6c46-464d-b080-594baf5c6017,t,,2023-06-25 16:34:56.549+00,3
495,389927a8-4273-4bb3-b921-54390b44f0be,f,,,4
495,bc6fe34e-9c9b-48af-b6f4-4bdd07fe3ee6,t,,2023-09-05 18:13:41.656+00,5
311,7ee1ac22-9382-41c4-a27e-1e6fc18acb5c,t,,2023-09-18 17:07:42.765+00,6
495,1a262c39-7657-4a69-952a-474fe4330739,f,,,7
485,6b7ef280-b505-4400-a6a3-4515979f170b,t,,,8
485,7041ec85-db84-46d7-93aa-9b294697c9b4,f,,,10
485,fdb24fbf-4768-4a37-a939-f819ee2bded8,t,,2024-01-08 23:35:39.257+00,9
560,3495c2fe-c1d4-4372-be5d-f30a16e22c0a,t,,2024-01-29 20:41:06.477+00,11
522,2a549f32-c98a-4145-b147-99e0d60e8781,t,,2024-02-03 02:27:01.92+00,12
495,dc043f67-72e2-4dfa-850a-721c4239a71c,t,,2024-02-15 21:20:57.895+00,13
495,053338cd-c3c9-4b1f-8d6c-2fcbc99a8f31,f,,,14
495,28c8efa5-2924-4dc7-9131-c270461a0eb0,f,,,15
495,70d0abc5-9312-4466-bcee-fa725ca18438,f,,,16
495,441771d4-41bd-44e2-93f1-dd06b3394dcb,t,,2024-02-16 01:12:40.724+00,17
495,7647586d-a457-4cbc-8758-70b9a3cc14a6,f,,,18
311,d9ccac68-6372-4905-811f-2e2ceb6b9d96,t,,2024-02-27 20:12:19.235+00,19
681,9a278822-41e7-4fc1-9b62-701cb689eb69,f,,,20
643,71228a82-c1f4-4e2e-b8f2-e57f166ccf04,t,,,21
643,8e2dcbec-e139-42d8-916a-fbd06f63b648,t,,2024-04-02 05:23:35.604+00,22
716,7b87327e-298b-4f18-bcd1-1f851fc38a77,t,,2024-04-02 05:24:44.973+00,23
709,6a944c5c-6e21-4ff5-80c3-df28c35bdff6,t,,,24
709,e49edd9d-e7d7-491b-809e-b19336346a77,t,,2024-04-02 22:58:09.192+00,25
541,2d9d1925-5867-455a-9e9d-5c4e25fc7838,t,,2024-04-03 17:23:52.138+00,26
716,b4ba900d-6ca4-4147-a16b-28437f4c0d24,t,,2024-04-05 17:32:19.943+00,27
539,3d69bf7e-9dba-4b28-9b12-9b93e58058e4,t,,2024-04-05 17:55:41.767+00,28
495,ce1bfaf1-feb1-4910-843f-12e51f919e5b,f,,,29
677,bd267dd8-e76e-4fa0-9c95-7ed69c6ad8a0,t,,2024-04-09 10:08:12.139+00,30
564,5e6a2103-479c-4da9-9d0b-26a68bf33486,t,,2024-04-10 18:16:20.048+00,31
467,98c3be31-646b-4682-9804-8b64f5136651,t,,2024-04-15 02:28:52.42+00,32
707,afe4e6e5-1cdf-4458-9ccb-c3c3639090b3,t,,2024-04-17 21:06:52.103+00,33
707,097385aa-f0e1-4bba-9c5c-b7a4b25334de,f,,,34
744,ee813ad9-db99-4032-b689-bc08c1b8f69e,t,,2024-04-30 00:20:00.441+00,35
743,deae934a-1d97-4337-ba19-673883e783cf,t,,2024-06-03 15:40:34.151+00,36
559,6d532e20-ddf2-49cd-97da-d17d954e7b99,t,,2024-06-26 03:28:35.344+00,37
754,d1b86af7-7707-4d45-81a1-63d25a0b4a07,t,,2024-07-09 01:49:06.172+00,38
596,a6e06ca3-93f4-4a25-96f6-d93316372afa,t,,2024-07-11 17:12:54.457+00,39
748,71995855-775a-4cad-b65d-227c01062a24,t,,2024-07-20 02:41:27.921+00,40
614,546aea88-e155-4096-b2fe-d5be36611862,t,,2024-08-01 21:14:26.524+00,41
487,04d4f099-ea8a-4007-8b72-adcad2e163de,t,,2024-08-09 04:59:39.778+00,42
692,90e382cb-bda1-4887-9744-28e49ed3f89a,t,,2024-09-10 05:45:57.147+00,43
692,c9a1ae0f-4c42-4619-93dd-8a8591b86dba,t,,2024-10-09 03:14:38.575+00,44
603,fa0fd306-fcd6-412d-9347-6773e1d1f3c4,t,,,45
603,b29af5ae-9a8e-48ec-b7cc-a9c77c03a908,f,,,46
603,c073febb-9a1d-435f-9e31-ab2170da99de,f,,,47
624,0cddbda3-6b54-42e8-ac63-a84fa644cc99,t,,2024-11-06 00:57:55.51+00,48
802,cb327fb2-06e0-42a8-a3bf-fc370b3d9d01,t,,2024-11-20 03:41:44.326+00,49
802,19bbcd3b-08ef-4a0b-a7d6-4859930b8946,f,,,50
802,8f630945-dd05-4eeb-ad3b-71dbeb4ce123,f,,,51
802,627a3ade-7c7c-4661-8c9e-d1df3ce0c61a,t,,2024-12-10 08:35:20.2+00,52
782,8902c317-6099-4778-ab1c-1c33e6864b48,t,,2024-12-20 23:02:05.368+00,53
603,018c433e-abd6-4e2d-9c54-1b2783fd2e94,t,,2025-01-09 20:30:49.589+00,54
603,08856110-c4ed-4058-aacb-6344651a2f5f,t,,2025-01-09 20:31:48.152+00,55
770,c932b6fc-2b09-43ca-89e2-471d5c286e4e,t,,2025-01-10 07:47:30.16+00,56
603,73d50f1d-7f59-4e37-a629-05d19a2bb20e,t,,2025-01-14 22:34:43.801+00,57
805,60ed060f-ac14-4dcf-a4ac-abde5ed8b4e8,t,,2025-01-15 18:53:26.591+00,58
603,b247f254-395b-4231-985e-1cdbd1fe27c3,t,,2025-01-17 23:18:50.967+00,59
603,670473e2-4207-44bb-b957-0719f93c5010,t,,2025-02-20 22:14:42.335+00,60
788,968a6d90-5906-4952-82b3-9f9bb81078d6,t,,2025-03-08 00:41:01.47+00,61
603,3f3dde09-0449-4fce-bba2-002be9a50c46,t,,2025-03-13 20:42:21.417+00,62
782,ec220b36-70cf-4c5a-bf5b-11ce829f5662,t,,2025-03-18 17:11:50.713+00,63
820,e9157dd4-c575-4551-8d9a-b6cc525bdfdf,t,,2025-04-09 18:28:26.852+00,64
845,13973460-a0b4-4e14-8a8a-66f436a6a082,t,,2025-04-10 04:36:31.307+00,65
603,4416a744-9b0e-4230-b78b-56a3210015aa,t,,2025-04-14 23:36:13.101+00,66
748,d210b839-d9c9-4769-b94e-271ff66163ad,t,,2025-04-23 19:43:12.224+00,67
603,af0ffa34-4e68-410c-8f0e-52a73bad354b,t,,2025-05-06 23:51:25.674+00,68
603,e97ad8cd-524e-4984-bd86-be060b6c6719,t,,2025-05-26 19:52:16.117+00,69
782,d268a928-ca89-4d23-8197-b8cb78dac6f5,f,,,70
782,e3f4bb5f-66ca-4be3-a9d0-d5a89bf2627d,f,,,71
311,08b9040c-bfca-4c10-92fe-3eb4d2b1153b,f,,,72
782,2c825e4e-40a9-47ec-8ba5-e77d48e4ee3e,f,,,73
782,29f6ac14-1306-4589-b9e6-15e3d1033695,f,,,74
782,f0f410ee-9661-44d1-8140-3651154c51e8,f,,,75
827,dd920def-5797-4de9-b208-0eaf7afb781e,t,,2025-06-10 14:01:41.66+00,76
583,806bce1e-8692-4b28-8cf6-da030ec13d03,f,,,77
845,80776e01-9ac8-455c-8e3b-3a6458e0d58d,t,,2025-06-28 04:52:54.43+00,78
827,5ba645f7-c27b-480d-9bd6-714554425c16,t,,2025-07-07 17:58:14.946+00,79
603,1d36cc3d-3f3d-45b8-b4de-5f618012f342,t,,2025-07-10 06:23:01.912+00,80
603,aec6471c-6808-4197-bdef-afd0e8d645ad,t,,2025-07-24 20:38:02.39+00,81
872,f9ae76f8-3942-4032-a6d9-934d3f49f545,t,,2025-08-05 18:04:54.982+00,82
889,af48e2a1-c005-480c-9576-a4e8c7b71245,t,,2025-08-05 23:02:19.757+00,83
899,1046c6b1-1ef5-49a2-9a69-963ef2e98a64,t,,2025-08-10 18:38:19.496+00,84
